name,value,Specific Action of the Ligand,Notes
Mechanism of Action,Dopamine D2 receptor agonist,Binding agent,
Mechanism of Action,Cytochrome P450 19A1 inhibitor,Inhibition,
Mechanism of Action,Serotonin 2a (5-HT2a) receptor antagonist,Antagonist,
Mechanism of Action,Mu opioid receptor antagonist,Antagonist,
Mechanism of Action,Glucocorticoid receptor agonist,Agonist,
Mechanism of Action,Norepinephrine transporter inhibitor,Inhibition,
Mechanism of Action,Voltage-gated N-type calcium channel alpha-1B subunit blocker,Blocker,new
Mechanism of Action,Phosphodiesterase 4 inhibitor,Inhibition,
Mechanism of Action,Integrin alpha-IIb/beta-3 inhibitor,Inhibition,
Mechanism of Action,Adrenergic receptor alpha agonist,Agonist,
Mechanism of Action,Voltage-gated L-type calcium channel blocker,Blocker,new
Mechanism of Action,Beta-2 adrenergic receptor agonist,Agonist,
Mechanism of Action,Beta-2 adrenergic receptor antagonist,Antagonist,
Mechanism of Action,Laminin hydrolytic enzyme,Binding,
Mechanism of Action,GABA-A receptor; anion channel positive allosteric modulator,Positive allosteric modulator,
Mechanism of Action,GABA-A receptor; anion channel positive modulator,Positive modulator,
Mechanism of Action,Luteinizing hormone/Choriogonadotropin receptor agonist,Agonist,
Mechanism of Action,Potassium channel subfamily K member 18 opener,Opener,
Mechanism of Action,Sodium channel alpha subunit blocker,Blocker,
Mechanism of Action,D2-like dopamine receptor agonist,Agonist,
Mechanism of Action,PI3-kinase class I inhibitor,Inhibition,
Mechanism of Action,Receptor protein-tyrosine kinase erbB-2 inhibitor,Inhibition,
Mechanism of Action,Serine/threonine-protein kinase PLK1 inhibitor,Inhibition,
Mechanism of Action,Serine/threonine-protein kinase mTOR inhibitor,Inhibition,
Mechanism of Action,Cyclin-dependent kinase inhibitor,Inhibition,
Mechanism of Action,Vascular endothelial growth factor receptor inhibitor,Inhibition,
Mechanism of Action,Interleukin-6 receptor alpha subunit antagonist,Antagonist,
Mechanism of Action,Fibroblast growth factor receptor inhibitor,Inhibition,
Mechanism of Action,Voltage-gated calcium channel modulator,Modulator,
Mechanism of Action,Tubulin inhibitor,Inhibition,
Mechanism of Action,Voltage-gated potassium channel blocker,Blocker,
Mechanism of Action,Gamma-secretase modulator,Modulator,
Mechanism of Action,Interleukin-2 receptor alpha chain antagonist,Antagonist,
Mechanism of Action,Glutamate [NMDA] receptor negative allosteric modulator,Negative allosteric modulator,
Mechanism of Action,T cell surface glycoprotein CD3 cross-linking agent,Cross-linking agent,brand new
Mechanism of Action,80S Ribosome inhibitor,Inhibition,
Mechanism of Action,Epidermal growth factor receptor erbB1 binding agent,Binding agent,
Mechanism of Action,Epidermal growth factor receptor erbB1 inhibitor,Inhibition,
Mechanism of Action,"Hepatitis C virus serine protease, NS3/NS4A inhibitor",Inhibition,
Mechanism of Action,Binding,Binding agent,
Mechanism of Action,Muscarinic acetylcholine receptor inhibitor,Inhibition,
Mechanism of Action,Tubulin stabiliser,Stabiliser,new
Mechanism of Action,Tyrosine-protein kinase receptor RET inhibitor,Inhibition,
Mechanism of Action,Dipeptidyl peptidase IV inhibitor,Inhibition,
Mechanism of Action,Casein kinase I epsilon inhibitor,Inhibition,
Mechanism of Action,Heat-stable enterotoxin receptor agonist,Agonist,
Mechanism of Action,Antagonist,Antagonist,
Mechanism of Action,Full agonist,Full agonist,
Mechanism of Action,Inhibition,Inhibition,
Mechanism of Action,Agonist,Agonist,
Mechanism of Action,None,,
Mechanism of Action,Partial agonist,Partial agonist,
Mechanism of Action,Positive,Positive,
Mechanism of Action,Negative,Negative,
Mechanism of Action,Slows inactivation,Slows inactivation,
Mechanism of Action,Arachidonate 5-lipoxygenase inhibitor,Inhibition,
Mechanism of Action,Tumor necrosis factor ligand superfamily member 13B inhibitor,Inhibition,
Mechanism of Action,Bacterial 70S ribosome inhibitor,Inhibition,
Mechanism of Action,Neurotrophic tyrosine kinase receptor inhibitor,Inhibition,
Mechanism of Action,Cyclooxygenase-2 inhibitor,Inhibition,
Mechanism of Action,26S proteasome inhibitor,Inhibition,
Mechanism of Action,Nerve growth factor receptor Trk-A inhibitor,Inhibition,
Mechanism of Action,PI3-kinase p110-beta subunit inhibitor,Inhibition,
Mechanism of Action,Mitochondrial complex I (NADH dehydrogenase) inhibitor,Inhibition,
Mechanism of Action,Protein kinase C (PKC) inhibitor,Inhibition,
Mechanism of Action,Beta-3 adrenergic receptor agonist,Agonist,
Mechanism of Action,Prostate specific antigen binding agent,Binding agent,
Mechanism of Action,Kinesin-like protein 1 inhibitor,Inhibition,
Mechanism of Action,Interleukin-6 binding agent,Binding agent,
Mechanism of Action,Serine/threonine-protein kinase AKT inhibitor,Inhibition,
Mechanism of Action,Equilibrative nucleoside transporter 1 inhibitor,Inhibition,
Mechanism of Action,Mu opioid receptor agonist,Agonist,
Mechanism of Action,Bradykinin B2 receptor antagonist,Antagonist,
Mechanism of Action,Carbonic anhydrase IV inhibitor,Inhibition,
Mechanism of Action,Matrix metalloproteinase 7 inhibitor,Inhibition,
Mechanism of Action,Adrenergic receptor alpha-2 agonist,Agonist,
Mechanism of Action,Cyclooxygenase inhibitor,Inhibition,
Mechanism of Action,SRC inhibitor,Inhibition,
Mechanism of Action,Vascular endothelial growth factor receptor 3 inhibitor,Inhibition,
Mechanism of Action,Glutamate [NMDA] receptor blocker,Blocker,
Mechanism of Action,Interleukin-12 inhibitor,Inhibition,
Mechanism of Action,Antithrombin-III inhibitor,Inhibition,
Mechanism of Action,Monoamine transporter inhibitor,Inhibition,
Mechanism of Action,Epithelial cell adhesion molecule cross-linking agent,Cross-linking agent,
Mechanism of Action,Thrombopoietin receptor agonist,Agonist,
Mechanism of Action,Polymerase acidic protein inhibitor,Inhibition,
Mechanism of Action,Inverse agonist,Inverse agonist,
Mechanism of Action,Activation,Activation,
Mechanism of Action,Serotonin 1b (5-HT1b) receptor agonist,Agonist,
Mechanism of Action,Progesterone receptor agonist,Agonist,
Mechanism of Action,Farnesyl diphosphate synthase inhibitor,Inhibition,
Mechanism of Action,Platelet-derived growth factor receptor inhibitor,Inhibition,
Mechanism of Action,Phosphodiesterase 3 inhibitor,Inhibition,
Mechanism of Action,Adrenergic receptor alpha antagonist,Antagonist,
Mechanism of Action,Sodium/potassium-transporting ATPase inhibitor,Inhibition,
Mechanism of Action,GABA-A receptor; anion channel agonist,Agonist,
Mechanism of Action,Adrenergic receptor agonist,Agonist,
Mechanism of Action,Potassium-transporting ATPase inhibitor,Inhibition,
Mechanism of Action,Androgen Receptor agonist,Agonist,
Mechanism of Action,Vasopressin receptor agonist,Agonist,
Mechanism of Action,Glutamate receptor ionotropic AMPA antagonist,Antagonist,
Mechanism of Action,Muscarinic acetylcholine receptor antagonist,Antagonist,
Mechanism of Action,Tyrosine-protein kinase receptor FLT3 inhibitor,Inhibition,
Mechanism of Action,GABA-A receptor; anion channel inverse agonist,Inverse agonist,
Mechanism of Action,T-cell surface glycoprotein CD3 epsilon chain other,Binding,
Mechanism of Action,"PARP 1, 2 and 3 inhibitor",Inhibition,
Mechanism of Action,26S proteosome inhibitor,Inhibition,
Mechanism of Action,DNA terminase inhibitor,Inhibition,
Mechanism of Action,Opioid receptors; mu/kappa/delta agonist,Agonist,
Mechanism of Action,Receptor tyrosine-protein kinase erbB-3 inhibitor,Inhibition,
Mechanism of Action,Sodium channel alpha subunit inhibitor,Inhibition,
Mechanism of Action,HIV-1 protease inhibitor,Inhibition,
Mechanism of Action,EML4-ALK inhibitor,Inhibition,
Mechanism of Action,Plasminogen activator,Activation,
Mechanism of Action,Voltage-gated potassium channel subunit Kv4.3 blocker,Blocker,
Mechanism of Action,Hepatitis A virus cellular receptor 2 inhibitor,Inhibition,
Mechanism of Action,Peroxisome proliferator-activated receptor alpha agonist,Agonist,
Mechanism of Action,11-beta-hydroxysteroid dehydrogenase 1 inhibitor,Inhibition,
Mechanism of Action,Soluble guanylate cyclase activator,Activation,
Mechanism of Action,Muscarinic acetylcholine receptor M3 antagonist,Antagonist,
Mechanism of Action,Serotonin 3 (5-HT3) receptor partial agonist,Partial agonist,
Mechanism of Action,Adrenergic receptor alpha-1 antagonist,Antagonist,
Mechanism of Action,B-raf/RAF proto-oncogene serine/threonine-protein kinase inhibitor,Inhibition,
Mechanism of Action,Voltage-gated calcium channel blocker,Blocker,new
Mechanism of Action,Sensitivity,Sensitivity,
Mechanism of Action,Coagulation factor XIII positive modulator,Positive modulator,
Mechanism of Action,Phosphodiesterase 9A inhibitor,Inhibition,
Mechanism of Action,Cardiac myosin inhibitor,Inhibition,
Mechanism of Action,pan-PI3K inhibitor,Inhibition,
Mechanism of Action,ER antagonist,Antagonist,
Mechanism of Action,Mixed,Mixed,
Mechanism of Action,TNF-alpha inhibitor,Inhibition,
Mechanism of Action,Serotonin 1a (5-HT1a) receptor partial agonist,Partial agonist,
Mechanism of Action,Antithrombin-III activator,Activation,
Mechanism of Action,HERG blocker,Blocker,
Mechanism of Action,Serotonin 1d (5-HT1d) receptor agonist,Agonist,
Mechanism of Action,Prostanoid FP receptor agonist,Agonist,
Mechanism of Action,Catechol O-methyltransferase inhibitor,Inhibition,
Mechanism of Action,Norepinephrine transporter releasing agent,Binding,
Mechanism of Action,Serotonin 1a (5-HT1a) receptor antagonist,Antagonist,
Mechanism of Action,Neurokinin 1 receptor antagonist,Antagonist,
Mechanism of Action,Adrenergic receptor beta antagonist,Antagonist,
Mechanism of Action,Monoamine oxidase inhibitor,Inhibition,
Mechanism of Action,Glutamate NMDA receptor; GRIN1/GRIN2B antagonist,Antagonist,
Mechanism of Action,Interleukin 11 receptor alpha agonist,Agonist,
Mechanism of Action,CRL4(CRBN) E3 ubiquitin ligase inhibitor,Inhibition,
Mechanism of Action,Angiopoietin-2 inhibitor,Inhibition,
Mechanism of Action,Tumor necrosis factor ligand superfamily member 12 inhibitor,Inhibition,
Mechanism of Action,E2F inhibitor,Inhibition,
Mechanism of Action,mTORC1 activator,Activation,
Mechanism of Action,Tyrosine-protein kinase SYK inhibitor,Inhibition,
Mechanism of Action,GABA-A receptor; anion channel positive allosteric modulator,Positive allosteric modulator,
Mechanism of Action,Sulfonylurea receptors; K-ATP channels opener,Opener,
Mechanism of Action,Cystic fibrosis transmembrane conductance regulator positive modulator,Positive modulator,
Mechanism of Action,Protein farnesyltransferase inhibitor,Inhibition,
Mechanism of Action,Muscle-type nicotinic acetylcholine receptor antagonist,Antagonist,
Mechanism of Action,Bromodomain and extra-terminal motif (BET) inhibitor,Inhibition,
Mechanism of Action,ATP-citrate synthase inhibitor,Inhibition,
Mechanism of Action,Poly [ADP-ribose] polymerase 2 inhibitor,Inhibition,
Mechanism of Action,Toll-like receptor 9 agonist,Agonist,
Mechanism of Action,Hydroxycarboxylic acid receptor 2 agonist,Agonist,new
Mechanism of Action,Tubulin disrupting agent,Disruption,
Mechanism of Action,Glucagon-like peptide 1 receptor agonist,Agonist,
Mechanism of Action,Topoisomerase IV inhibitor,Inhibition,
Mechanism of Action,DNA polymerase/reverse transcriptase inhibitor,Inhibition,
Mechanism of Action,Tumor necrosis factor ligand superfamily member 14 inhibitor,Inhibition,
Mechanism of Action,VEGFR inhibitor,Inhibition,
Mechanism of Action,Voltage-gated T-type calcium channel blocker,Blocker,
Mechanism of Action,Dihydrofolate reductase inhibitor,Inhibition,
Mechanism of Action,"3',5'-cyclic phosphodiesterase inhibitor",Inhibition,
Mechanism of Action,Prostanoid IP receptor agonist,Agonist,
Mechanism of Action,Tyrosine-protein kinase TIE-2 inhibitor,Inhibition,
Mechanism of Action,Glutamate [NMDA] receptor antagonist,Antagonist,
Mechanism of Action,Interleukin-13 inhibitor,Inhibition,
Mechanism of Action,Mucin-16 other,Binding,
Mechanism of Action,20S proteosome inhibitor,Inhibition,
Mechanism of Action,Gamma-secretase inhibitor,Inhibition,
Mechanism of Action,Blood group Rh(D) polypeptide inhibitor,Inhibition,
Mechanism of Action,"Endothelin receptor, ET-A/ET-B antagonist",Antagonist,
Mechanism of Action,Serotonin (5-HT) receptor antagonist,Antagonist,
Mechanism of Action,Mineralocorticoid receptor antagonist,Antagonist,
Mechanism of Action,B-lymphocyte antigen CD19 binding agent,Binding agent,
Mechanism of Action,Carbonic anhydrase inhibitor,Inhibition,
Mechanism of Action,DNA-directed RNA polymerase III subunit RPC1 inhibitor,Inhibition,
Mechanism of Action,Irreversible inhibition,Irreversible inhibition,
Mechanism of Action,Neutral,Binding,
Mechanism of Action,Pore blocker,Blocker,
Mechanism of Action,Vasopressin V2 receptor antagonist,Antagonist,
Mechanism of Action,Somatostatin receptor 2 agonist,Agonist,
Mechanism of Action,Erythropoietin receptor agonist,Agonist,
Mechanism of Action,Histamine H1 receptor antagonist,Antagonist,
Mechanism of Action,Thiazide-sensitive sodium-chloride cotransporter inhibitor,Inhibition,
Mechanism of Action,DNA (cytosine-5)-methyltransferase 3A inhibitor,Inhibition,
Mechanism of Action,Inosine-5'-monophosphate dehydrogenase (IMPDH) inhibitor,Inhibition,
Mechanism of Action,Cholinesterases; ACHE & BCHE inhibitor,Inhibition,
Mechanism of Action,Synaptosomal-associated protein 25 inhibitor,Inhibition,new
Mechanism of Action,Collagen hydrolytic enzyme,Binding,
Mechanism of Action,Adenosine receptor antagonist,Antagonist,
Mechanism of Action,Serine/threonine-protein kinase Aurora-B inhibitor,Inhibition,
Mechanism of Action,Platelet-derived growth factor receptor beta inhibitor,Inhibition,
Mechanism of Action,Ghrelin receptor agonist,Agonist,
Mechanism of Action,Thromboxane A2 receptor antagonist,Antagonist,
Mechanism of Action,Histone deacetylase 11 inhibitor,Inhibition,
Mechanism of Action,Renal dipeptidase inhibitor,Inhibition,
Mechanism of Action,Cytochrome P450 11B1 inhibitor,Inhibition,
Mechanism of Action,Xanthine dehydrogenase inhibitor,Inhibition,
Mechanism of Action,Hexokinase type IV activator,Activation,
Mechanism of Action,Histamine H3 receptor antagonist,Antagonist,
Mechanism of Action,Kappa opioid receptor agonist,Agonist,
Mechanism of Action,Asialoglycoprotein receptor 1 binding agent,Binding agent,
Mechanism of Action,80S Ribosome modulator,Modulator,
Mechanism of Action,Serotonin 3 (5-HT3) receptor antagonist,Antagonist,
Mechanism of Action,Nuclear factor erythroid 2-related factor 2 activator,Activation,
Mechanism of Action,"Anti-angiogenic., VEGF antagonist",Antagonist,
Mechanism of Action,Anti-angiogenic.,Binding,
Mechanism of Action,Potentiation,Potentiation,
Mechanism of Action,Muscarinic acetylcholine receptor M1 antagonist,Antagonist,
Mechanism of Action,Beta-1 adrenergic receptor antagonist,Antagonist,
Mechanism of Action,GABA-A receptor; agonist GABA site agonist,Agonist,
Mechanism of Action,P2X purinoceptor 7 antagonist,Antagonist,
Mechanism of Action,Estrogen receptor modulator,Modulator,
Mechanism of Action,Vasopressin V1a receptor agonist,Agonist,
Mechanism of Action,Serotonin transporter inhibitor,Inhibition,
Mechanism of Action,PI3-kinase p110-alpha subunit inhibitor,Inhibition,
Mechanism of Action,HMG-CoA reductase inhibitor,Inhibition,
Mechanism of Action,TEC family kinase inhibitor,Inhibition,
Mechanism of Action,Insulin receptor agonist,Agonist,
Mechanism of Action,Programmed cell death protein 1 antagonist,Antagonist,
Mechanism of Action,Cytochrome P450 3A inhibitor,Inhibition,
Mechanism of Action,Tryptophan 5-hydroxylase inhibitor,Inhibition,
Mechanism of Action,Egl nine homolog 1 inhibitor,Inhibition,
Mechanism of Action,GABA-A receptor; anion channel antagonist,Antagonist,
Mechanism of Action,EML4-ALK,Binding,
Mechanism of Action,Cytotoxic T-lymphocyte protein 4 inhibitor,Inhibition,new
Mechanism of Action,Resistance,Binding,
Mechanism of Action,Interferon alpha/beta receptor agonist,Agonist,
Mechanism of Action,Hepatocyte growth factor receptor inhibitor,Inhibition,
Mechanism of Action,Dual specificity mitogen-activated protein kinase kinase 1 inhibitor,Inhibition,
Mechanism of Action,Stem cell growth factor receptor inhibitor,Inhibition,
Mechanism of Action,Corticotropin releasing factor receptor 1 antagonist,Antagonist,
Mechanism of Action,Biased agonist,Biased agonist,
Mechanism of Action,Competitive,Competitive binding,
Mechanism of Action,Carbonic anhydrase II inhibitor,Inhibition,
Mechanism of Action,Secretin receptor agonist,Agonist,
Mechanism of Action,Fatty acid synthase inhibitor,Inhibition,
Mechanism of Action,Ribonucleoside-diphosphate reductase RR1 inhibitor,Inhibition,
Mechanism of Action,GABA-B receptor agonist,Agonist,
Mechanism of Action,Interleukin-2 receptor binding agent,Binding agent,
Mechanism of Action,Betaine-homocysteine S-methyltransferase substrate,Substrate,
Mechanism of Action,Tyrosine-protein kinase FYN inhibitor,Inhibition,
Mechanism of Action,Glutamate [NMDA] receptor partial agonist,Partial agonist,
Mechanism of Action,Leukocyte adhesion glycoprotein LFA-1 alpha inhibitor,Inhibition,
Mechanism of Action,Aminopeptidase inhibitor,Inhibition,
Mechanism of Action,Vimentin other,Binding,
Mechanism of Action,Thyroid peroxidase inhibitor,Inhibition,
Mechanism of Action,Interleukin-6 inhibitor,Inhibition,
Mechanism of Action,Follicle stimulating hormone receptor agonist,Agonist,
Mechanism of Action,Cholesteryl ester transfer protein inhibitor,Inhibition,
Mechanism of Action,Coagulation factor III binding agent,Binding agent,
Mechanism of Action,"Interleukin-8 receptors, CXCR1/CXCR2 inhibitor",Inhibition,
Mechanism of Action,Fibroblast growth factor receptor 3 inhibitor,Inhibition,
Mechanism of Action,Thymidylate synthase inhibitor,Inhibition,
Mechanism of Action,Integrin alpha-4 inhibitor,Inhibition,
Mechanism of Action,Endothelin-converting enzyme 1 inhibitor,Inhibition,
Mechanism of Action,Interleukin-18 inhibitor,Inhibition,
Mechanism of Action,KCNQ (Kv7) potassium channel opener,Opener,
Mechanism of Action,CBP/beta catenin inhibitor,Inhibition,
Mechanism of Action,Epidermal growth factor receptor erbB1 antagonist,Antagonist,
Mechanism of Action,Nociceptin receptor antagonist,Antagonist,
Mechanism of Action,Somatostatin receptor 5 agonist,Agonist,
Mechanism of Action,Norepinephrine transporter substrate,Substrate,
Mechanism of Action,PARP inhibitor,Inhibition,
Mechanism of Action,Muscarinic acetylcholine receptor M1 agonist,Agonist,
Mechanism of Action,T-cell receptor inhibitor,Inhibition,
Mechanism of Action,Cyclophilin A inhibitor,Inhibition,
Mechanism of Action,Janus Kinase (JAK) inhibitor,Inhibition,
Mechanism of Action,Dopamine receptor agonist,Agonist,
Mechanism of Action,Sodium channel protein type VIII alpha subunit inhibitor,Inhibition,
Mechanism of Action,RNA processing inhibitor and thymidylate synthase inhibitor,Inhibition,
Mechanism of Action,Neuronal acetylcholine receptor; alpha3/beta4 negative allosteric modulator,Negative allosteric modulator,
Mechanism of Action,Kappa opioid receptor partial agonist,Partial agonist,
Mechanism of Action,D2-like dopamine receptor antagonist,Antagonist,
Mechanism of Action,Androgen Receptor antagonist,Antagonist,
Mechanism of Action,PI3-kinase p110-delta subunit inhibitor,Inhibition,
Mechanism of Action,Dual specificity mitogen-activated protein kinase kinase 2 inhibitor,Inhibition,
Mechanism of Action,Adenosine A2a receptor antagonist,Antagonist,
Mechanism of Action,Serotonin 4 (5-HT4) receptor agonist,Agonist,
Mechanism of Action,Heat shock protein HSP90 inhibitor,Inhibition,
Mechanism of Action,Serotonin (5-HT) receptor agonist,Agonist,
Mechanism of Action,Potassium/sodium hyperpolarization-activated cyclic nucleotide-gated channel 4 blocker,Blocker,
Mechanism of Action,Macrophage migration inhibitory factor inhibitor,Inhibition,
Mechanism of Action,"Serine/threonine protein phosphatase 2B catalytic subunit, alpha isoform inhibitor",Inhibition,
Mechanism of Action,Matrix metalloproteinase 14 inhibitor,Inhibition,
Mechanism of Action,Dopamine D2 receptor antagonist,Antagonist,
Mechanism of Action,Glycine receptor (alpha-1/beta) agonist,Agonist,
Mechanism of Action,Sphingosine 1-phosphate receptor agonist,Agonist,
Mechanism of Action,Peroxisome proliferator-activated receptor gamma agonist,Agonist,
Mechanism of Action,Serine/threonine-protein kinase receptor R3 inhibitor,Inhibition,
Mechanism of Action,Insulin-like growth factor I receptor inhibitor,Inhibition,
Mechanism of Action,Endothelin receptor ET-A antagonist,Antagonist,
Mechanism of Action,Thrombin inhibitor,Inhibition,
Mechanism of Action,Trophoblast glycoprotein other,Binding,
Mechanism of Action,Interleukin-1 receptor antagonist,Antagonist,
Mechanism of Action,Alcohol dehydrogenase inhibitor,Inhibition,
Mechanism of Action,C-C chemokine receptor type 4 cross-linking agent,Cross-linking agent,
Mechanism of Action,Subtilisin/kexin type 9 inhibitor,Inhibition,
Mechanism of Action,Acetyl-CoA carboxylase inhibitor,Inhibition,
Mechanism of Action,Egl nine homolog 3 inhibitor,Inhibition,
Mechanism of Action,Growth arrest-specific protein 6 inhibitor,Inhibition,
Mechanism of Action,Matrix metalloproteinase 13 inhibitor,Inhibition,
Mechanism of Action,"VEGFR, FGFR, PDGFR, and FLT3 inhibitor",Inhibition,
Mechanism of Action,WEE1 inhibitor,Inhibition,
Mechanism of Action,Interleukin-23 inhibitor,Inhibition,
Mechanism of Action,Epidermal growth factor receptor inhibitor,Inhibition,
Mechanism of Action,Type-1 angiotensin II receptor antagonist,Antagonist,
Mechanism of Action,Thyroid hormone receptor agonist,Agonist,
Mechanism of Action,Interleukin-1 receptor inhibitor,Inhibition,
Mechanism of Action,Mucin-16 binding agent,Binding agent,
Mechanism of Action,Kappa opioid receptor antagonist,Antagonist,
Mechanism of Action,Sarcoplasmic/endoplasmic reticulum calcium ATPase inhibitor,Inhibition,
Mechanism of Action,Carbonic anhydrase XII inhibitor,Inhibition,
Mechanism of Action,Dopamine receptor antagonist,Antagonist,
Mechanism of Action,Microtubule-associated protein tau inhibitor,Inhibition,
Mechanism of Action,Voltage-gated T-type calcium channel modulator,Modulator,
Mechanism of Action,Glutamate receptor ionotropic kainate antagonist,Antagonist,
Mechanism of Action,Gastric lipase inhibitor,Inhibition,
Mechanism of Action,Glucagon receptor agonist,Agonist,
Mechanism of Action,Melanocortin receptor 1 agonist,Agonist,
Mechanism of Action,Steroid 5-alpha-reductase inhibitor,Inhibition,
Mechanism of Action,Amidophosphoribosyltransferase inhibitor,Inhibition,
Mechanism of Action,DNA polymerase (alpha/delta/epsilon) inhibitor,Inhibition,
Mechanism of Action,Ceramide glucosyltransferase inhibitor,Inhibition,
Mechanism of Action,Tyrosine-protein kinase SRC inhibitor,Inhibition,
Mechanism of Action,Smoothened homolog antagonist,Antagonist,
Mechanism of Action,C-C chemokine receptor type 5 antagonist,Antagonist,
Mechanism of Action,Macrophage colony stimulating factor receptor inhibitor,Inhibition,
Mechanism of Action,Serotonin 1a (5-HT1a) receptor agonist,Agonist,
Mechanism of Action,Histone deacetylase inhibitor,Inhibition,
Mechanism of Action,Caspase inhibitor,Inhibition,
Mechanism of Action,Cannabinoid CB1 receptor negative allosteric modulator,Negative allosteric modulator,
Mechanism of Action,Integrin alpha-V/beta-3 antagonist,Antagonist,
Mechanism of Action,Integrin alpha-IIb/beta-3 antagonist,Antagonist,
Mechanism of Action,Epithelial cell adhesion molecule binding agent,Binding agent,
Mechanism of Action,Interferon alpha inhibitor,Inhibition,
Mechanism of Action,Estrogen receptor agonist,Agonist,
Mechanism of Action,Melatonin receptor agonist,Agonist,
Mechanism of Action,Tyrosine-protein kinase BTK inhibitor,Inhibition,
Mechanism of Action,Glutamate [NMDA] receptor subunit epsilon 1 antagonist,Antagonist,
Mechanism of Action,Adrenergic receptor alpha-1 agonist,Agonist,
Mechanism of Action,Muscarinic acetylcholine receptor M2 antagonist,Antagonist,
Mechanism of Action,Tyrosine-protein kinase JAK2 inhibitor,Inhibition,
Mechanism of Action,Frizzled-5 antagonist,Antagonist,
Mechanism of Action,Vascular endothelial growth factor receptor 2 inhibitor,Inhibition,
Mechanism of Action,Gonadotropin-releasing hormone receptor antagonist,Antagonist,
Mechanism of Action,GABA-A receptor; anion channel partial agonist,Partial agonist,
Mechanism of Action,Tumor necrosis factor receptor superfamily member 10B agonist,Agonist,
Mechanism of Action,Vascular endothelial growth factor C inhibitor,Inhibition,
Mechanism of Action,Integrin beta-2 negative modulator,Negative modulator,
Mechanism of Action,"Carnitine O-palmitoyltransferase 1, muscle isoform inhibitor",Inhibition,
Mechanism of Action,Carcinoembryonic antigen-related cell adhesion molecule 5 binding agent,Binding agent,
Mechanism of Action,Glutamate carboxypeptidase II binding agent,Binding agent,
Mechanism of Action,Placenta growth factor inhibitor,Inhibition,
Mechanism of Action,Toll-like receptor 7 agonist,Agonist,
Mechanism of Action,Kelch-like ECH-associated protein 1 inhibitor,Inhibition,
Mechanism of Action,Interleukin-1 receptor-associated kinase 4 inhibitor,Inhibition,
Mechanism of Action,Bile acid receptor FXR agonist,Agonist,
Mechanism of Action,Ileal bile acid transporter inhibitor,Inhibition,
Mechanism of Action,Tubulin beta inhibitor,Inhibition,
Mechanism of Action,Insulin-like growth factor II inhibitor,Inhibition,
Mechanism of Action,Cathepsin K inhibitor,Inhibition,
Mechanism of Action,RAF serine/threonine protein kinase inhibitor,Inhibition,
Mechanism of Action,Interleukin-17F inhibitor,Inhibition,
Mechanism of Action,IL-2R beta/gamma agonist,Agonist,
Mechanism of Action,DNA topoisomerase I inhibitor,Inhibition,
Mechanism of Action,Autotaxin inhibitor,Inhibition,
Mechanism of Action,Innate repair receptor agonist,Agonist,
Mechanism of Action,Vasopressin V2 receptor binding agent,Binding agent,
Mechanism of Action,Vasopressin V2 receptor agonist,Agonist,
Mechanism of Action,DNA topoisomerase II inhibitor,Inhibition,
Mechanism of Action,Estrogen receptor alpha modulator,Modulator,
Mechanism of Action,Protein tyrosine kinase 2 beta inhibitor,Inhibition,
Mechanism of Action,Epidermal growth factor receptor erbB1 vaccine antigen,Vaccine antigen,
Mechanism of Action,Synaptosomal nerve-associated protein 25 (SNAP-25) inhibitor,Inhibition,
Mechanism of Action,Cytochrome P450 17A1 inhibitor,Inhibition,
Mechanism of Action,P-glycoprotein 1 inhibitor,Inhibition,
Mechanism of Action,Human immunodeficiency virus type 1 reverse transcriptase inhibitor,Inhibition,
Mechanism of Action,Integrin alpha-5/beta-1 antagonist,Antagonist,
Mechanism of Action,Serotonin 2 (5-HT2) receptor,Binding,
Mechanism of Action,CTLA-4 antagonist,Antagonist,
Mechanism of Action,Interleukin-2 receptor inhibitor,Inhibition,
Mechanism of Action,Cyclin-dependent kinase 1 inhibitor,Inhibition,
Mechanism of Action,Fibroblast growth factor receptor 2 inhibitor,Inhibition,
Mechanism of Action,Sodium channel protein type IX alpha subunit blocker,Blocker,
Mechanism of Action,Glutamate receptor ionotropic AMPA positive allosteric modulator,Positive allosteric modulator,
Mechanism of Action,Serine/threonine-protein kinase Aurora inhibitor,Inhibition,
Mechanism of Action,C-X-C chemokine receptor type 4 antagonist,Antagonist,
Mechanism of Action,Adenosine A2a receptor agonist,Agonist,
Mechanism of Action,"Amiloride-sensitive sodium channel, ENaC blocker",Blocker,
Mechanism of Action,Peroxisome proliferator-activated receptor gamma partial agonist,Partial agonist,
Mechanism of Action,Carbonic anhydrase IX binding agent,Binding agent,
Mechanism of Action,Folate receptor alpha binding agent,Binding agent,
Mechanism of Action,High mobility group protein B1 inhibitor,Inhibition,
Mechanism of Action,HDAC inhibitor,Inhibition,
Mechanism of Action,Neuronal acetylcholine receptor; alpha3/beta4 antagonist,Antagonist,
Mechanism of Action,Glycine receptor (alpha-1/beta) positive modulator,Positive modulator,
Mechanism of Action,GABA-A receptor; anion channel allosteric antagonist,Antagonist,
Mechanism of Action,C-C chemokine receptor type 2 antagonist,Antagonist,
Mechanism of Action,Cyclin-dependent kinase 6 inhibitor,Inhibition,
Mechanism of Action,Rho-associated protein kinase inhibitor,Inhibition,
Mechanism of Action,Interleukin-4 inhibitor,Inhibition,
Mechanism of Action,Protein-tyrosine phosphatase 2C inhibitor,Inhibition,
Mechanism of Action,Nuclear factor NF-kappa-B complex inhibitor,Inhibition,
Mechanism of Action,Bcr/Abl fusion protein inhibitor,Inhibition,
Mechanism of Action,Cholecystokinin A receptor agonist,Agonist,
Mechanism of Action,FK506-binding protein 1A inhibitor,Inhibition,
Mechanism of Action,Adenosine deaminase inhibitor,Inhibition,
Mechanism of Action,Retinoic acid receptor agonist,Agonist,
Mechanism of Action,Interleukin-6 receptor alpha subunit inhibitor,Inhibition,
Mechanism of Action,Fibroblast growth factor receptor 1 inhibitor,Inhibition,
Mechanism of Action,Monoamine oxidase B inhibitor,Inhibition,
Mechanism of Action,NAD-dependent deacetylase sirtuin 1 activator,Activation,
Mechanism of Action,GTPase KRas inhibitor,Inhibition,
Mechanism of Action,G protein-coupled receptor 44 antagonist,Antagonist,
Mechanism of Action,Fibrinogen positive modulator,Positive modulator,
Mechanism of Action,MEK inhibitor,Inhibition,
Mechanism of Action,p53 activator,Activation,
Mechanism of Action,PI3K/mTOR inhibitor,Inhibition,
Mechanism of Action,Dopamine transporter inhibitor,Inhibition,
Mechanism of Action,Acetylcholinesterase inhibitor,Inhibition,
Mechanism of Action,"Sulfonylurea receptor 1, Kir6.2 blocker",Blocker,
Mechanism of Action,B-lymphocyte antigen CD20 binding agent,Binding agent,
Mechanism of Action,Endothelin receptor ET-B antagonist,Antagonist,
Mechanism of Action,Sclerostin inhibitor,Inhibition,
Mechanism of Action,Purinergic receptor P2Y2 agonist,Agonist,
Mechanism of Action,Fibrinogen hydrolytic enzyme,Binding,
Mechanism of Action,T-cell surface antigen CD2 inhibitor,Inhibition,
Mechanism of Action,Glucagon-like peptide 2 receptor agonist,Agonist,
Mechanism of Action,CAMPATH-1 antigen inhibitor,Inhibition,
Mechanism of Action,T cell surface glycoprotein CD3 inhibitor,Inhibition,
Mechanism of Action,Oxytocin receptor antagonist,Antagonist,
Mechanism of Action,Cannabinoid CB1 receptor agonist,Agonist,
Mechanism of Action,Interferon lambda receptor agonist,Agonist,
Mechanism of Action,Granulocyte-macrophage colony-stimulating factor receptor antagonist,Antagonist,
Mechanism of Action,Thioredoxin reductase 1 inhibitor,Inhibition,
Mechanism of Action,Myelin-associated glycoprotein inhibitor,Inhibition,
Mechanism of Action,Angiotensinogen hydrolytic enzyme,Binding,
Mechanism of Action,"AMP-activated protein kinase, AMPK activator",Activation,
Mechanism of Action,Coagulation factor X inhibitor,Inhibition,
Mechanism of Action,T-lymphocyte activation antigen CD86 inhibitor,Inhibition,
Mechanism of Action,Interleukin-5 inhibitor,Inhibition,
Mechanism of Action,LXR-alpha modulator,Modulator,
Mechanism of Action,PI3-kinase p110-gamma subunit inhibitor,Inhibition,
Mechanism of Action,Bile acid transporter inhibitor,Inhibition,
Mechanism of Action,Serine/threonine-protein kinase Chk1 inhibitor,Inhibition,
Mechanism of Action,Frizzled-2 antagonist,Antagonist,
Mechanism of Action,Glutamate [NMDA] receptor positive allosteric modulator,Positive allosteric modulator,
Mechanism of Action,Adrenergic receptor alpha-2 antagonist,Antagonist,
Mechanism of Action,Granulocyte-macrophage colony-stimulating factor inhibitor,Inhibition,
Mechanism of Action,Mucin-1 binding agent,Binding agent,
Mechanism of Action,Leukotriene B4 receptor inhibitor,Inhibition,
Mechanism of Action,GABA-A receptor; agonist GABA site positive allosteric modulator,Positive allosteric modulator,
Mechanism of Action,Tyrosine-protein kinase JAK1 inhibitor,Inhibition,
Mechanism of Action,T cell surface glycoprotein CD3 binding agent,Binding agent,
Mechanism of Action,Serotonin 2c (5-HT2c) receptor antagonist,Antagonist,
Mechanism of Action,"1,3-beta-glucan synthase inhibitor",Inhibition,
Mechanism of Action,Synaptic vesicular amine transporter inhibitor,Inhibition,
Mechanism of Action,MAP kinase ERK2 inhibitor,Inhibition,
Mechanism of Action,Serotonin 1d (5-HT1d) receptor antagonist,Antagonist,
Mechanism of Action,Metabotropic glutamate receptor 3 modulator,Modulator,
Mechanism of Action,Metabotropic glutamate receptor 5 antagonist,Antagonist,
Mechanism of Action,Serotonin 6 (5-HT6) receptor antagonist,Antagonist,
Mechanism of Action,T-cell receptor antagonist,Antagonist,
Mechanism of Action,Hypoxia-inducible factor prolyl hydroxylase inhibitor,Inhibition,
Mechanism of Action,ICOS ligand inhibitor,Inhibition,
Mechanism of Action,Muscarinic acetylcholine receptor M2 positive allosteric modulator,Positive allosteric modulator,
Mechanism of Action,ErbB-2/ErbB-3 heterodimer inhibitor,Inhibition,
Mechanism of Action,Galectin-3 inhibitor,Inhibition,
Mechanism of Action,Mitogen-activated protein kinase; ERK1/ERK2 inhibitor,Inhibition,
Mechanism of Action,Nerve growth factor receptor Trk-A,Binding,
Mechanism of Action,Programmed cell death protein 1 inhibitor,Inhibition,
Mechanism of Action,Cell division cycle 7-related protein kinase inhibitor,Inhibition,
Mechanism of Action,Tumor necrosis factor receptor superfamily member 5 agonist,Agonist,
Mechanism of Action,Estrogen receptor alpha agonist,Agonist,
Mechanism of Action,Adrenergic receptor beta agonist,Agonist,
Mechanism of Action,Muscle-type nicotinic acetylcholine receptor partial agonist,Partial agonist,
Mechanism of Action,Transmembrane glycoprotein gp41 inhibitor,Inhibition,
Mechanism of Action,Retinoid X receptor agonist,Agonist,
Mechanism of Action,Vanilloid receptor antagonist,Antagonist,
Mechanism of Action,Calcium sensing receptor agonist,Agonist,
Mechanism of Action,Envelope glycoprotein gp160 inhibitor,Inhibition,
Mechanism of Action,Monoamine oxidase A inhibitor,Inhibition,
Mechanism of Action,Programmed cell death 1 ligand 2 cross-linking agent,Cross-linking agent,
Mechanism of Action,Retinoic acid receptor beta agonist,Agonist,
Mechanism of Action,Human immunodeficiency virus type 1 protease inhibitor,Inhibition,
Mechanism of Action,Dopamine D3 receptor antagonist,Antagonist,
Mechanism of Action,T-cell immunoreceptor with Ig and ITIM domains inhibitor,Inhibition,
Mechanism of Action,Lymphocyte activation gene 3 protein inhibitor,Inhibition,
Mechanism of Action,Interleukin 17A inhibitor,Inhibition,
Mechanism of Action,Coagulation factor IX positive modulator,Positive modulator,
Mechanism of Action,Matrix metalloproteinase 8 inhibitor,Inhibition,
Mechanism of Action,Folate-targeted tubulin inhibitor,Inhibition,
Mechanism of Action,Maltase-glucoamylase inhibitor,Inhibition,
Mechanism of Action,Opioid receptors; mu/kappa/delta antagonist,Antagonist,
Mechanism of Action,Phosphodiesterase 7 inhibitor,Inhibition,
Mechanism of Action,Toll-like receptor 7 antagonist,Antagonist,
Mechanism of Action,Muscle-type nicotinic acetylcholine receptor agonist,Agonist,
Mechanism of Action,70S ribosome inhibitor,Inhibition,
Mechanism of Action,Angiotensin-converting enzyme inhibitor,Inhibition,
Mechanism of Action,Cyclin-dependent kinase 4 inhibitor,Inhibition,
Mechanism of Action,Dopamine D2 receptor modulator,Modulator,
Mechanism of Action,c-Jun N-terminal kinase 3 inhibitor,Inhibition,
Mechanism of Action,Metabotropic glutamate receptor 5 modulator,Modulator,
Mechanism of Action,Orexin receptor 1 antagonist,Antagonist,
Mechanism of Action,T-cell surface antigen CD4 negative modulator,Negative modulator,
Mechanism of Action,Transient receptor potential cation channel subfamily M member 8 inhibitor,Inhibition,
Mechanism of Action,Cholecystokinin A receptor antagonist,Antagonist,
Mechanism of Action,Galectin-1 inhibitor,Inhibition,
Mechanism of Action,Ephrin type-A receptor 2,Binding,
Mechanism of Action,Cardiac myosin activator,Activation,
Mechanism of Action,Peroxisome proliferator-activated receptor delta agonist,Agonist,
Mechanism of Action,P2X purinoceptor 3 antagonist,Antagonist,
Mechanism of Action,Ig epsilon chain C region inhibitor,Inhibition,
Mechanism of Action,Feedback inhibition,Feedback inhibition,
Mechanism of Action,Fibroblast growth factor receptor 2 agonist,Agonist,
Mechanism of Action,ALK tyrosine kinase receptor inhibitor,Inhibition,
Mechanism of Action,NPM/ALK (Nucleophosmin/ALK tyrosine kinase receptor),Binding,
Mechanism of Action,Neuronal acetylcholine receptor; alpha4/beta2 agonist,Agonist,
Mechanism of Action,Alanine racemase inhibitor,Inhibition,
Mechanism of Action,Adrenergic receptor antagonist,Antagonist,
Mechanism of Action,Retinoid receptor modulator,Modulator,
Mechanism of Action,LXR-alpha agonist,Agonist,
Mechanism of Action,MAP kinase p38 alpha inhibitor,Inhibition,
Mechanism of Action,Dopamine D3 receptor agonist,Agonist,
Mechanism of Action,Voltage-gated potassium channel subunit Kv7.5 activator,Activation,
Mechanism of Action,Glutamate carboxypeptidase II other,Binding,
Mechanism of Action,Orexin receptor antagonist,Antagonist,
Mechanism of Action,Leukocyte elastase inhibitor,Inhibition,
Mechanism of Action,Nitric oxide synthase inhibitor,Inhibition,
Mechanism of Action,Mannan-binding lectin serine protease 2 inhibitor,Inhibition,
Mechanism of Action,Inhibin beta A chain inhibitor,Inhibition,
Mechanism of Action,ALK1 inhibitor,Inhibition,
Mechanism of Action,Dopamine transporter releasing agent,Releasing agent,
Mechanism of Action,Pepsin A inhibitor,Inhibition,
Mechanism of Action,Serine/threonine-protein kinase B-raf inhibitor,Inhibition,
Mechanism of Action,Phosphodiesterase 3A inhibitor,Inhibition,
Mechanism of Action,Cannabinoid CB2 receptor agonist,Agonist,
Mechanism of Action,Voltage-gated potassium channel subunit Kv7.4 activator,Activation,
Mechanism of Action,Voltage-gated potassium channel KCNQ3/KCNQ4 activator,Activation,
Mechanism of Action,Apoptosis regulator Bcl-2 inhibitor,Inhibition,
Mechanism of Action,Fibroblast growth factor 23 inhibitor,Inhibition,
Mechanism of Action,Neural cell adhesion molecule 1 binding agent,Binding agent,
Mechanism of Action,Potassium-transporting ATPase blocker,Blocker,
Mechanism of Action,Complement C3 inhibitor,Inhibition,
Mechanism of Action,IL-33 receptor (ST2) inhibitor,Inhibition,
Mechanism of Action,Androgen Receptor degrader,Degrader,
Mechanism of Action,Synaptic vesicle glycoprotein 2A modulator,Modulator,
Mechanism of Action,Multi-targeted RTK inhibitor,Inhibition,
Mechanism of Action,Acetylcholinesterase activator,Activation,
Mechanism of Action,Neuraminidase inhibitor,Inhibition,
Mechanism of Action,Potassium channel subfamily K member 3 opener,Opener,
Mechanism of Action,Inhibitor of nuclear factor kappa B kinase beta subunit inhibitor,Inhibition,
Mechanism of Action,Bradykinin B1 receptor antagonist,Antagonist,
Mechanism of Action,Metabotropic glutamate receptor 3 agonist,Agonist,
Mechanism of Action,Calcitonin receptor agonist,Agonist,
Mechanism of Action,Toll-like receptor 3 activator,Activation,
Mechanism of Action,Neprilysin inhibitor,Inhibition,
Mechanism of Action,"Caspase activator, XIAP inhibitor, FLIP suppressor, and TOPO II inhibitor",Inhibition,
Mechanism of Action,Muscarinic acetylcholine receptor M3 agonist,Agonist,
Mechanism of Action,"Sulfonylurea receptor 2, Kir6.2 opener",Opener,
Mechanism of Action,Mitogen-activated protein kinase kinase kinase 5 inhibitor,Inhibition,
Mechanism of Action,Vitamin D receptor agonist,Agonist,
Mechanism of Action,Relaxin receptor 2 activator,Activation,
Mechanism of Action,Heat shock protein 90 homolog inhibitor,Inhibition,
Mechanism of Action,Purine nucleoside phosphorylase inhibitor,Inhibition,
Mechanism of Action,Alpha glucosidase inhibitor,Inhibition,
Mechanism of Action,Insulin-like growth factor I receptor antagonist,Antagonist,
Mechanism of Action,T-cell surface antigen CD4 inhibitor,Inhibition,
Mechanism of Action,Oxytocin receptor agonist,Agonist,
Mechanism of Action,Complement receptor type 1 inhibitor,Inhibition,
Mechanism of Action,Macrophage-stimulating protein receptor inhibitor,Inhibition,
Mechanism of Action,Proteinase activated receptor 4 antagonist,Antagonist,
Mechanism of Action,Bcr/Abl fusion protein,Binding,
Mechanism of Action,Estrogen receptor alpha degrader,Degrader,
Mechanism of Action,Melanoma-associated antigen 3 vaccine antigen,Vaccine antigen,
Mechanism of Action,RSPO3-LGR4 inhibitor,Inhibition,
Mechanism of Action,Aldehyde dehydrogenase inhibitor,Inhibition,
Mechanism of Action,Histamine H2 receptor antagonist,Antagonist,
Mechanism of Action,GABA A receptor alpha-1/beta-1/gamma-2 positive allosteric modulator,Positive allosteric modulator,
Mechanism of Action,Adenosine A2b receptor antagonist,Antagonist,
Mechanism of Action,Dual specificity protein kinase TTK inhibitor,Inhibition,
Mechanism of Action,Estrogen receptor beta agonist,Agonist,
Mechanism of Action,"c-Jun N-terminal kinase, JNK inhibitor",Inhibition,
Mechanism of Action,Neuronal acetylcholine receptor; alpha3/beta4 agonist,Agonist,
Mechanism of Action,Mitogen-activated protein kinase kinase kinase 10 inhibitor,Inhibition,
Mechanism of Action,Calcium-activated potassium channel subunit alpha-1 opener,Opener,
Mechanism of Action,T-cell surface glycoprotein CD3 epsilon chain cross-linking agent,Cross-linking agent,
Mechanism of Action,CRL4(CRBN) E3 ubiquitin ligase modulator,Modulator,
Mechanism of Action,Neuronal acetylcholine receptor; alpha4/beta2 partial agonist,Partial agonist,
Mechanism of Action,BRAF kinase inhibitor,Inhibition,
Mechanism of Action,Adenosine A1 receptor antagonist,Antagonist,
Mechanism of Action,Keap1/Nrf2 inhibitor,Inhibition,
Mechanism of Action,Dopamine receptors; D2 & D3 partial agonist,Partial agonist,
Mechanism of Action,Mucin-5AC other,Binding,
Mechanism of Action,Dopamine D1 and D2 receptor agonist,Agonist,
Mechanism of Action,GABA-B receptor antagonist,Antagonist,
Mechanism of Action,Microsomal triglyceride transfer protein inhibitor,Inhibition,
Mechanism of Action,Muscarinic acetylcholine receptor M4 agonist,Agonist,
Mechanism of Action,Protransforming growth factor alpha inhibitor,Inhibition,
Mechanism of Action,Toll-like receptor 9 antagonist,Antagonist,
Mechanism of Action,von Willebrand factor positive modulator,Positive modulator,
Mechanism of Action,Matrix metalloproteinase 9 inhibitor,Inhibition,
Mechanism of Action,Vitamin k epoxide reductase complex subunit 1 isoform 1 inhibitor,Inhibition,
Mechanism of Action,Proteinase-activated receptor 1 antagonist,Antagonist,
Mechanism of Action,Serine/threonine-protein kinase PLK4 inhibitor,Inhibition,
Mechanism of Action,P2X purinoceptor 7 negative allosteric modulator,Negative allosteric modulator,
Mechanism of Action,Tyrosine-protein kinase receptor UFO inhibitor,Inhibition,
Mechanism of Action,LDL-associated phospholipase A2 inhibitor,Inhibition,
Mechanism of Action,CD22 binding agent,Binding agent,
Mechanism of Action,Mesothelin binding agent,Binding agent,
Mechanism of Action,Calcitonin gene-related peptide antagonist,Antagonist,
Mechanism of Action,Platelet-derived growth factor receptor alpha inhibitor,Inhibition,
Mechanism of Action,Sphingosine 1-phosphate receptor Edg-1 modulator,Modulator,
Mechanism of Action,Melanocortin receptor 4 agonist,Agonist,
Mechanism of Action,Tumor necrosis factor receptor superfamily member 17 binding agent,Binding agent,
Mechanism of Action,Stromal cell-derived factor 1 inhibitor,Inhibition,
Mechanism of Action,Programmed cell death 1 ligand 1 inhibitor,Inhibition,
Mechanism of Action,Serotonin 1f (5-HT1f) receptor agonist,Agonist,
Mechanism of Action,Ephrin type-A receptor 2 inhibitor,Inhibition,
Mechanism of Action,CDK6/cyclin D1 inhibitor,Inhibition,
Mechanism of Action,Cyclin-dependent kinase 4/cyclin D1 inhibitor,Inhibition,
Mechanism of Action,cAMP-dependent protein kinase (PKA) inhibitor,Inhibition,
Mechanism of Action,Tyrosine-protein kinase JAK3 inhibitor,Inhibition,
Mechanism of Action,Tumor necrosis factor receptor superfamily member 8 agonist,Agonist,
Mechanism of Action,Dopamine D2 receptor partial agonist,Partial agonist,
Mechanism of Action,Caspase-1 inhibitor,Inhibition,
Mechanism of Action,Interleukin-8 inhibitor,Inhibition,
Mechanism of Action,Prostaglandin-H2 D-isomerase inhibitor,Inhibition,
Mechanism of Action,Uridine 5'-monophosphate synthase inhibitor,Inhibition,
Mechanism of Action,Mucosa-associated lymphoid tissue lymphoma translocation protein 1 inhibitor,Inhibition,
Mechanism of Action,Interleukin-3 receptor subunit alpha inhibitor,Inhibition,
Mechanism of Action,Fast skeletal troponin complex activator,Activation,
Mechanism of Action,T-cell surface glycoprotein CD3 epsilon chain binding agent,Binding agent,
Mechanism of Action,Retinoid receptor agonist,Agonist,
Mechanism of Action,Serine/threonine-protein kinase RAF inhibitor,Inhibition,
Mechanism of Action,Dopamine D4 receptor agonist,Agonist,
Mechanism of Action,Killer cell immunoglobulin-like receptor 2DL3 inhibitor,Inhibition,
Mechanism of Action,Transforming growth factor beta-1 inhibitor,Inhibition,
Mechanism of Action,Angiopoietin-1 inhibitor,Inhibition,
Mechanism of Action,Transforming growth factor beta binding agent,Binding agent,
Mechanism of Action,Phosphodiesterase 4D inhibitor,Inhibition,
Mechanism of Action,DNA topoisomerase I stabiliser,Stabiliser,
Mechanism of Action,RNA and DNA synthesis inhibitor,Inhibition,
Mechanism of Action,Prostanoid EP1 receptor agonist,Agonist,
Mechanism of Action,Integrin alpha-V/beta-3 inhibitor,Inhibition,
Mechanism of Action,Androgen Receptor modulator,Modulator,
Mechanism of Action,MAP kinase ERK1 inhibitor,Inhibition,
Mechanism of Action,Vasopressin V1a receptor antagonist,Antagonist,
Mechanism of Action,Retinoid X receptor alpha modulator,Modulator,
Mechanism of Action,Mucin-5AC binding agent,Binding agent,
Mechanism of Action,Hepatocyte nuclear factor 4-alpha activator,Activation,
Mechanism of Action,Tumor necrosis factor receptor superfamily member 5 inhibitor,Inhibition,
Mechanism of Action,Sodium/glucose cotransporter 2 inhibitor,Inhibition,
Mechanism of Action,Receptor protein-tyrosine kinase erbB-2 negative allosteric modulator,Negative allosteric modulator,
Mechanism of Action,Delta opioid receptor agonist,Agonist,
Mechanism of Action,Dopamine D2 receptor inhibitor,Inhibition,
Mechanism of Action,Fibrinogen inhibitor,Inhibition,
Mechanism of Action,Serine/threonine-protein kinase Aurora-A inhibitor,Inhibition,
Mechanism of Action,GABA-B receptor 1 agonist,Agonist,
Mechanism of Action,Carbonic anhydrase I inhibitor,Inhibition,
Mechanism of Action,Myeloid cell surface antigen CD33 binding agent,Binding agent,
Mechanism of Action,Calcitonin gene-related peptide inhibitor,Inhibition,
Mechanism of Action,Interleukin-2 receptor beta chain inhibitor,Inhibition,
Mechanism of Action,Fibronectin binding agent,Binding agent,
Mechanism of Action,Delta-like protein 3 binding agent,Binding agent,
Mechanism of Action,Renin inhibitor,Inhibition,
Mechanism of Action,Serum amyloid P-component cross-linking agent,Cross-linking agent,
Mechanism of Action,IL-1 receptor antagonist,Antagonist,
Mechanism of Action,RANKL antagonist,Antagonist,
Mechanism of Action,Vascular endothelial growth factor A antagonist,Antagonist,
Mechanism of Action,Plasma kallikrein inhibitor,Inhibition,
Mechanism of Action,Adenosine receptor agonist,Agonist,
Mechanism of Action,Beta-2 adrenergic receptor partial agonist,Partial agonist,
Mechanism of Action,Integrin alpha-L/beta-2 (LFA-1) inhibitor,Inhibition,
Mechanism of Action,Vanilloid receptor opener,Opener,
Mechanism of Action,Dual specificity mitogen-activated protein kinase kinase; MEK1/2 inhibitor,Inhibition,
Mechanism of Action,Receptor protein-tyrosine kinase erbB-4 inhibitor,Inhibition,
Mechanism of Action,Adenosine A3 receptor antagonist,Antagonist,
Mechanism of Action,Histamine H4 receptor antagonist,Antagonist,
Mechanism of Action,Neuronal acetylcholine receptor protein alpha-7 subunit partial agonist,Partial agonist,
Mechanism of Action,Neuronal acetylcholine receptor protein alpha-7 subunit agonist,Agonist,
Mechanism of Action,Cystic fibrosis transmembrane conductance regulator activator,Activation,
Mechanism of Action,Toll-like receptor 5 agonist,Agonist,
Mechanism of Action,Beta amyloid A4 protein binding agent,Binding agent,
Mechanism of Action,Thromboxane-A synthase inhibitor,Inhibition,
Mechanism of Action,Dopamine D1 and D2 receptor antagonist,Antagonist,
Mechanism of Action,Gonadotropin-releasing hormone receptor agonist,Agonist,
Mechanism of Action,Parathyroid hormone receptor agonist,Agonist,
Mechanism of Action,Cell surface A33 antigen binding agent,Binding agent,
Mechanism of Action,Hemoglobin beta chain positive modulator,Positive modulator,
Mechanism of Action,C5a anaphylatoxin chemotactic receptor inhibitor,Inhibition,
Mechanism of Action,Lymphocyte differentiation antigen CD38 binding agent,Binding agent,
Mechanism of Action,Glucagon-like peptide 1 receptor antagonist,Antagonist,
Mechanism of Action,Histone-lysine N-methyltransferase EZH2 inhibitor,Inhibition,
Mechanism of Action,Myristoylated alanine-rich C-kinase substrate inhibitor,Inhibition,
Mechanism of Action,Voltage-dependent inhibition,Inhibition,
Mechanism of Action,Mineralocorticoid receptor agonist,Agonist,
Mechanism of Action,Phosphodiesterase 8 inhibitor,Inhibition,
Mechanism of Action,Neurotrophic tyrosine kinase receptor type 2 inhibitor,Inhibition,
Mechanism of Action,Caspase-8 inhibitor,Inhibition,
Mechanism of Action,Bcl-2-like protein 10 inhibitor,Inhibition,
Mechanism of Action,Bone morphogenetic protein 10 inhibitor,Inhibition,
Mechanism of Action,Metabotropic glutamate receptor 2 positive allosteric modulator,Positive allosteric modulator,
Mechanism of Action,Human immunodeficiency virus type 1 integrase inhibitor,Inhibition,
Mechanism of Action,Muscarinic acetylcholine receptor M3 partial agonist,Partial agonist,
Mechanism of Action,Cancer/testis antigen 1 vaccine antigen,Vaccine antigen,
Mechanism of Action,Notch signaling pathway inhibitor,Inhibition,
Mechanism of Action,HER2 antagonist,Antagonist,
Mechanism of Action,Alpha-1a adrenergic receptor agonist,Agonist,
Mechanism of Action,Sodium channel protein type V alpha subunit blocker,Blocker,
Mechanism of Action,Vitamin K-dependent gamma-carboxylase inhibitor,Inhibition,
Mechanism of Action,Tumor necrosis factor ligand superfamily member 13 inhibitor,Inhibition,
Mechanism of Action,High affinity immunoglobulin gamma Fc receptor I cross-linking agent,Cross-linking agent,
Mechanism of Action,Leukocyte common antigen binding agent,Binding agent,
Mechanism of Action,Matrix metalloproteinase 3 inhibitor,Inhibition,
Mechanism of Action,Elongation factor 2 inhibitor,Inhibition,
Mechanism of Action,Kir3.1/Kir3.4 blocker,Blocker,
Mechanism of Action,P-selectin glycoprotein ligand 1 inhibitor,Inhibition,
Mechanism of Action,Protein P inhibitor,Inhibition,
Mechanism of Action,Somatostatin receptor agonist,Agonist,
Mechanism of Action,Leptin receptor agonist,Agonist,
Mechanism of Action,CDK4/6 inhibitor,Inhibition,
Mechanism of Action,mTOR inhibitor,Inhibition,
Mechanism of Action,Tyrosine-protein kinase ABL inhibitor,Inhibition,
Mechanism of Action,D2-like dopamine receptor inverse agonist,Inverse agonist,
Mechanism of Action,Choline kinase alpha inhibitor,Inhibition,
Mechanism of Action,Peroxisome proliferator-activated receptor agonist,Agonist,
Mechanism of Action,Solute carrier family 22 member 12 inhibitor,Inhibition,
Mechanism of Action,Vascular endothelial growth factor A inhibitor,Inhibition,
Mechanism of Action,Tumor necrosis factor receptor superfamily member 18 agonist,Agonist,
Mechanism of Action,c-Jun N-terminal kinase 1 inhibitor,Inhibition,
Mechanism of Action,Adenosine A1 receptor agonist,Agonist,
Mechanism of Action,Nociceptin receptor agonist,Agonist,
Mechanism of Action,Free fatty acid receptor 1 positive allosteric modulator,Positive allosteric modulator,
Mechanism of Action,Alpha-synuclein inhibitor,Inhibition,
Mechanism of Action,Envelope glycoprotein inhibitor,Inhibition,
Mechanism of Action,Aurora A and VEGFR/FGFR kinase inhibitor,Inhibition,
Mechanism of Action,Cystic fibrosis transmembrane conductance regulator inhibitor,Inhibition,
Mechanism of Action,Thyroid hormone receptor beta-1 agonist,Agonist,
Mechanism of Action,Estrogen receptor alpha antagonist,Antagonist,
Mechanism of Action,Serotonin 4 (5-HT4) receptor partial agonist,Partial agonist,
Mechanism of Action,Cyclin-dependent kinase 2 inhibitor,Inhibition,
Mechanism of Action,Intermediate conductance calcium-activated potassium channel protein 4 blocker,Blocker,
Mechanism of Action,Diamine oxidase activator,Activation,
Mechanism of Action,Transient receptor potential cation channel subfamily A member 1 inhibitor,Inhibition,
Mechanism of Action,Interleukin-18 cross-linking agent,Cross-linking agent,
Mechanism of Action,Kinesin-1 heavy chain/ Tyrosine-protein kinase receptor RET inhibitor,Inhibition,
Mechanism of Action,5'-nucleotidase inhibitor,Inhibition,
Mechanism of Action,Muscarinic acetylcholine receptor M1 positive allosteric modulator,Positive allosteric modulator,
Mechanism of Action,Menin/Histone-lysine N-methyltransferase MLL inhibitor,Inhibition,
Mechanism of Action,Cleavage and polyadenylation specificity factor subunit inhibitor,Inhibition,
Mechanism of Action,IgG receptor FcRn large subunit p51 antagonist,Antagonist,
Mechanism of Action,Estrogen receptor antagonist,Antagonist,
Mechanism of Action,Potassium channel subfamily K member 10 opener,Opener,
Mechanism of Action,Focal adhesion kinase 1 inhibitor,Inhibition,
Mechanism of Action,Voltage-gated calcium channel alpha2/delta subunit 1 modulator,Modulator,
Mechanism of Action,Induced myeloid leukemia cell differentiation protein Mcl-1 inhibitor,Inhibition,
Mechanism of Action,Apoptosis regulator Bcl-X inhibitor,Inhibition,
Mechanism of Action,Thymic stromal lymphopoietin inhibitor,Inhibition,
Mechanism of Action,Tissue factor pathway inhibitor inhibitor,Inhibition,
Mechanism of Action,Lysophosphatidic acid receptor Edg-2 antagonist,Antagonist,
Mechanism of Action,Complement C5 inhibitor,Inhibition,
Mechanism of Action,Granulocyte colony stimulating factor receptor agonist,Agonist,
Mechanism of Action,Transient receptor potential cation channel subfamily V member 4 antagonist,Antagonist,
Mechanism of Action,Peroxisome proliferator-activated receptor gamma modulator,Modulator,
Mechanism of Action,Histamine H3 receptor inverse agonist,Inverse agonist,
Mechanism of Action,Endosialin inhibitor,Inhibition,
Mechanism of Action,Sphingosine 1-phosphate receptor modulator,Modulator,
Mechanism of Action,Hepatocyte growth factor receptor agonist,Agonist,
Mechanism of Action,Low affinity immunoglobulin gamma Fc region receptor II-b inhibitor,Inhibition,
Mechanism of Action,Protease inhibitor,Inhibition,
Mechanism of Action,Akt inhibitor,Inhibition,
Mechanism of Action,Sodium channel protein type X alpha subunit blocker,Blocker,
Mechanism of Action,Ephrin receptor inhibitor,Inhibition,
Mechanism of Action,Frizzled-8 antagonist,Antagonist,
Mechanism of Action,GABA receptor beta-3 subunit positive allosteric modulator,Positive allosteric modulator,
Mechanism of Action,Basigin other,Binding,
Mechanism of Action,Neuronal acetylcholine receptor; alpha3/beta4 partial agonist,Partial agonist,
Mechanism of Action,P-selectin antagonist,Antagonist,
Mechanism of Action,Endoglin inhibitor,Inhibition,
Mechanism of Action,T-cell differentiation antigen CD6 binding agent,Binding agent,
Mechanism of Action,Envelope polyprotein GP160 inhibitor,Inhibition,
Mechanism of Action,DNA intercalator and TOPO II inhibitor,Inhibition,
Mechanism of Action,Sigma opioid receptor agonist,Agonist,
Mechanism of Action,Interleukin-2 receptor agonist,Agonist,
Mechanism of Action,c-Jun N-terminal kinase 2 inhibitor,Inhibition,
Mechanism of Action,Vascular endothelial growth factor receptor 1 inhibitor,Inhibition,
Mechanism of Action,Interleukin-1 beta negative allosteric modulator,Negative allosteric modulator,
Mechanism of Action,11-beta-hydroxysteroid dehydrogenase inhibitor,Inhibition,
Mechanism of Action,C-C chemokine receptor type 1 antagonist,Antagonist,
Mechanism of Action,Ryanodine receptor 1 antagonist,Antagonist,
Mechanism of Action,Histone deacetylase 6 inhibitor,Inhibition,
Mechanism of Action,Exportin-1 inhibitor,Inhibition,
Mechanism of Action,Vascular endothelial growth factor receptor 1 antagonist,Antagonist,
Mechanism of Action,Epithelial cell adhesion molecule other,Binding,
Mechanism of Action,"Troponin, cardiac muscle positive modulator",Positive modulator,
Mechanism of Action,Fibroblast growth factor receptor 2 binding agent,Binding agent,
Mechanism of Action,IL22 Receptor agonist,Agonist,
Mechanism of Action,C-X-C chemokine receptor type 4 partial agonist,Partial agonist,
Mechanism of Action,Integrin alpha-4/beta-1 inhibitor,Inhibition,
Mechanism of Action,Potassium channel subfamily K member 2 opener,Opener,
Mechanism of Action,Motilin receptor agonist,Agonist,
Mechanism of Action,Telomerase reverse transcriptase inhibitor,Inhibition,
Mechanism of Action,"5,6-dihydroxyindole-2-carboxylic acid oxidase other",Binding,
Mechanism of Action,Phosphodiesterase 5A inhibitor,Inhibition,
Mechanism of Action,Myeloperoxidase inhibitor,Inhibition,
Mechanism of Action,Matrix metalloproteinase-1 inhibitor,Inhibition,
Mechanism of Action,Glucocorticoid receptor antagonist,Antagonist,
Mechanism of Action,Sphingosine 1-phosphate receptor Edg-1 agonist,Agonist,
Mechanism of Action,Purinergic receptor P2Y12 antagonist,Antagonist,
Mechanism of Action,Solute carrier family 22 member 6 inhibitor,Inhibition,
Mechanism of Action,Mitogen-activated protein kinase kinase kinase 11 inhibitor,Inhibition,
Mechanism of Action,Neuronal acetylcholine receptor; alpha9/alpha10 antagonist,Antagonist,
Mechanism of Action,Tumor necrosis factor receptor superfamily member 9 agonist,Agonist,
Mechanism of Action,Aldose reductase inhibitor,Inhibition,
Mechanism of Action,Toll-like receptor 7 activator,Activation,
Mechanism of Action,Melanocyte protein PMEL binding agent,Binding agent,
Mechanism of Action,Mu opioid receptor partial agonist,Partial agonist,
Mechanism of Action,C-C chemokine receptor type 5 inhibitor,Inhibition,
Mechanism of Action,Alpha-synuclein binding agent,Binding agent,
Mechanism of Action,Endothelial PAS domain-containing protein 1 inhibitor,Inhibition,
Mechanism of Action,Dopamine D1 receptor positive allosteric modulator,Positive allosteric modulator,
Mechanism of Action,NADPH oxidase 4 inhibitor,Inhibition,
Mechanism of Action,Sphingosine 1-phosphate receptor binding agent,Binding agent,
Mechanism of Action,p38 mitogen-activated protein kinase (MAPKs) inhib,Inhibition,
Mechanism of Action,Histamine H1 receptor agonist,Agonist,
Mechanism of Action,Interleukin-8 receptor A modulator,Modulator,
Mechanism of Action,Cannabinoid CB1 receptor antagonist,Antagonist,
Mechanism of Action,Histone deacetylase 1 inhibitor,Inhibition,
Mechanism of Action,Sodium/hydrogen exchanger 3 inhibitor,Inhibition,
Mechanism of Action,Neurogenic locus notch homolog protein 2 inhibitor,Inhibition,
Mechanism of Action,Interleukin-33 inhibitor,Inhibition,
Mechanism of Action,Non-competitive,Non-competitive binding,
Mechanism of Action,Integrin alpha-4/beta-7 inhibitor,Inhibition,
Mechanism of Action,Somatostatin receptor 3 agonist,Agonist,
Mechanism of Action,Fibroblast growth factor receptor 4 inhibitor,Inhibition,
Mechanism of Action,TRAIL receptor-1 agonist,Agonist,
Mechanism of Action,Tankyrase 1/2 inhibitor,Inhibition,
Mechanism of Action,Soluble guanylate cyclase positive allosteric modulator,Positive allosteric modulator,
Mechanism of Action,Serotonin 2b (5-HT2b) receptor antagonist,Antagonist,
Mechanism of Action,Free fatty acid receptor 1 agonist,Agonist,
Mechanism of Action,Plasminogen inhibitor,Inhibition,
Mechanism of Action,Sodium-(potassium)-chloride cotransporter 2 inhibitor,Inhibition,
Mechanism of Action,Platelet-derived growth factor receptor agonist,Agonist,
Mechanism of Action,Serotonin 2a (5-HT2a) receptor inverse agonist,Inverse agonist,
Mechanism of Action,Leukocyte adhesion molecule-1 antagonist,Antagonist,
Mechanism of Action,CD40 ligand inhibitor,Inhibition,
Mechanism of Action,Integrin alpha-M/beta-2 antagonist,Antagonist,
Mechanism of Action,Integrin alpha-L/beta-2 (LFA-1) antagonist,Antagonist,
Mechanism of Action,Receptor protein-tyrosine kinase erbB-2 cross-linking agent,Cross-linking agent,
Mechanism of Action,Matrix metalloproteinase-2 inhibitor,Inhibition,
Mechanism of Action,Heat shock 70 kDa protein 1A/1B inhibitor,Inhibition,
Mechanism of Action,Interleukin-1 alpha inhibitor,Inhibition,
Mechanism of Action,Inducible T-cell costimulator agonist,Agonist,
Mechanism of Action,T-cell immunoreceptor with Ig and ITIM domains antagonist,Antagonist,
Mechanism of Action,Prostanoid EP2 receptor agonist,Agonist,
Mechanism of Action,Monoglyceride lipase inhibitor,Inhibition,
Mechanism of Action,IDH1/IDH2 inhibitor,Inhibition,
Mechanism of Action,Coagulation factor VIII positive modulator,Positive modulator,
Mechanism of Action,DNA topoisomerase II alpha inhibitor,Inhibition,
Mechanism of Action,Tumor necrosis factor receptor superfamily member 8 inhibitor,Inhibition,
Mechanism of Action,"Carbamoyl-phosphate synthase [ammonia], mitochondrial positive allosteric modulator",Positive allosteric modulator,
Mechanism of Action,Ribosomal protein S6 kinase (P70S6K) inhibitor,Inhibition,
Mechanism of Action,Nicotinamide phosphoribosyltransferase inhibitor,Inhibition,
Mechanism of Action,Basic fibroblast growth factor inhibitor,Inhibition,
Mechanism of Action,CD70 antigen cross-linking agent,Cross-linking agent,
Mechanism of Action,Envelope glycoprotein binding agent,Binding agent,
Mechanism of Action,Cap binding complex modulator,Modulator,
Mechanism of Action,Glucocorticoid receptor modulator,Modulator,
Mechanism of Action,Smoothened homolog inhibitor,Inhibition,
Mechanism of Action,T-lymphocyte activation antigen CD80 inhibitor,Inhibition,
Mechanism of Action,Glycogen synthase kinase-3 inhibitor,Inhibition,
Mechanism of Action,Serotonin 1b (5-HT1b) receptor antagonist,Antagonist,
Mechanism of Action,Apoptosis regulator Bcl-W inhibitor,Inhibition,
Mechanism of Action,Pyruvate dehydrogenase kinase inhibitor,Inhibition,
Mechanism of Action,Calcitonin gene-related peptide type 1 receptor antagonist,Antagonist,
Mechanism of Action,T-cell-specific surface glycoprotein CD28 agonist,Agonist,
Mechanism of Action,Synaptic vesicle protein modulator,Modulator,
Mechanism of Action,Neuropeptide Y receptor type 2 agonist,Agonist,
Mechanism of Action,"VEGFR, EGFR, and RET inhibitor",Inhibition,
Mechanism of Action,Enoyl-[acyl-carrier-protein] reductase inhibitor,Inhibition,
Mechanism of Action,LXR-beta modulator,Modulator,
Mechanism of Action,Serine/threonine-protein kinase PIM inhibitor,Inhibition,
Mechanism of Action,Solute carrier family 22 member 8 inhibitor,Inhibition,
Mechanism of Action,Melanocortin receptor 3 agonist,Agonist,
Mechanism of Action,Interleukin-4 receptor subunit alpha antagonist,Antagonist,
Mechanism of Action,C-type lectin domain family 4 member C inhibitor,Inhibition,
Mechanism of Action,"Serine/threonine protein phosphatase 2A, catalytic subunit, alpha isoform inhibitor",Inhibition,
Mechanism of Action,Growth/differentiation factor 8 inhibitor,Inhibition,
Mechanism of Action,Alpha-ketoglutarate-dependent dioxygenase FTO inhibitor,Inhibition,
Mechanism of Action,Complement factor D inhibitor,Inhibition,
Mechanism of Action,Syndecan-1 binding agent,Binding agent,
Mechanism of Action,Tyrosine-protein kinase TYK2 inhibitor,Inhibition,
Mechanism of Action,Inositol-1(or 4)-monophosphatase 1 inhibitor,Inhibition,
Mechanism of Action,Ryanodine receptor 3 antagonist,Antagonist,
Mechanism of Action,Prostaglandin E2 receptor agonist,Agonist,
Mechanism of Action,Cyclin-dependent kinase 9 inhibitor,Inhibition,
Mechanism of Action,Serotonin 7 (5-HT7) receptor antagonist,Antagonist,
Mechanism of Action,Coagulation factor XII activator,Activation,
Mechanism of Action,Purinergic receptor P2Y1 agonist,Agonist,
Mechanism of Action,Ectonucleotide pyrophosphatase/phosphodiesterase family member 3 binding agent,Binding agent,
Mechanism of Action,DNA-(apurinic or apyrimidinic site) lyase inhibitor,Inhibition,
Mechanism of Action,IL36 receptor antagonist,Antagonist,
Mechanism of Action,Phosphodiesterase 10A inhibitor,Inhibition,
Mechanism of Action,"Calcitonin-gene-related peptide receptor, CALCRL/RAMP1 antagonist",Antagonist,
Mechanism of Action,"RTK, HGFR, VEGFR2, KIT, Flt3, and Tie-2 inhibitor",Inhibition,
Mechanism of Action,Melanocortin receptor 2 agonist,Agonist,
Mechanism of Action,Receptor protein-tyrosine kinase erbB-2 binding agent,Binding agent,
Mechanism of Action,Histamine H1 receptor inverse agonist,Inverse agonist,
Mechanism of Action,Alpha-galactosidase A stabiliser,Stabiliser,
Mechanism of Action,Thyrotropin-releasing hormone receptor agonist,Agonist,
Mechanism of Action,Cathepsin S inhibitor,Inhibition,
Mechanism of Action,RAS inhibitor,Inhibition,
Mechanism of Action,DNA-directed RNA polymerase I subunit RPA1 inhibitor,Inhibition,
Mechanism of Action,"Potassium channel, inwardly rectifying, subfamily J, member 11 opener",Opener,
Mechanism of Action,GABA transporter 1 inhibitor,Inhibition,
Mechanism of Action,Neuronal acetylcholine receptor; alpha4/beta2 modulator,Modulator,
Mechanism of Action,Delta(24)-sterol reductase inhibitor,Inhibition,
Mechanism of Action,Coiled-coil domain-containing protein 6/Tyrosine-protein kinase receptor RET inhibitor,Inhibition,
Mechanism of Action,Repulsive guidance molecule A inhibitor,Inhibition,
Mechanism of Action,Tumor necrosis factor ligand superfamily member 6 binding agent,Binding agent,
Mechanism of Action,Proto-oncogene tyrosine-protein kinase MER inhibitor,Inhibition,
Mechanism of Action,Gastric inhibitory polypeptide receptor agonist,Agonist,
Mechanism of Action,Multidrug resistance-associated protein 1 inhibitor,Inhibition,
Mechanism of Action,Tubulin and Bcl2 inhibitor,Inhibition,
Mechanism of Action,RFC-1 targeted DHFR inhibitor,Inhibition,
Mechanism of Action,immunostimulator,Stimulator,
Mechanism of Action,Steroid 5-alpha-reductase 2 inhibitor,Inhibition,
Mechanism of Action,MAP kinase-activated protein kinase 2 inhibitor,Inhibition,
Mechanism of Action,Serine/threonine-protein kinase AKT2 inhibitor,Inhibition,
Mechanism of Action,Folate receptor alpha inhibitor,Inhibition,
Mechanism of Action,Lysosomal alpha-glucosidase stabiliser,Stabiliser,
Mechanism of Action,Coagulation factor V inhibitor,Inhibition,
Mechanism of Action,Quinone reductase 1) modulator,Modulator,
Mechanism of Action,Transforming growth factor beta-3 inhibitor,Inhibition,
Mechanism of Action,Serotonin 2 (5-HT2) receptor antagonist,Antagonist,
Mechanism of Action,Platelet activating factor receptor antagonist,Antagonist,
Mechanism of Action,Anandamide amidohydrolase inhibitor,Inhibition,
Mechanism of Action,Interleukin-3 receptor subunit alpha binding agent,Binding agent,
Mechanism of Action,MEK 1/2 inhibitor,Inhibition,
Mechanism of Action,Chloride channel protein 2 opener,Opener,
Mechanism of Action,NT-3 growth factor receptor inhibitor,Inhibition,
Mechanism of Action,Vasopressin V1b receptor antagonist,Antagonist,
Mechanism of Action,Cyclin-dependent kinase 5 inhibitor,Inhibition,
Mechanism of Action,Prostatic acid phosphatase binding agent,Binding agent,
Mechanism of Action,Triggering receptor expressed on myeloid cells 1 inhibitor,Inhibition,
Mechanism of Action,"Amylin receptor AMY1, CALCR/RAMP1 agonist",Agonist,
Mechanism of Action,Amylin receptor AMY3; CALCR/RAMP3 agonist,Agonist,
Mechanism of Action,Amylin receptor AMY2; CALCR/RAMP2 agonist,Agonist,
Mechanism of Action,Estrogen-related receptor gamma antagonist,Antagonist,
Mechanism of Action,Serine/threonine-protein kinase WEE1 inhibitor,Inhibition,
Mechanism of Action,Neuronal acetylcholine receptor; alpha4/beta2 antagonist,Antagonist,
Mechanism of Action,Glycine transporter 1 inhibitor,Inhibition,
Mechanism of Action,Serine/threonine-protein kinase Chk2 inhibitor,Inhibition,
Mechanism of Action,GDNF family receptor alpha-1 agonist,Agonist,
Mechanism of Action,Mucin-1 other,Binding,
Mechanism of Action,Cholecystokinin receptor antagonist,Antagonist,
Mechanism of Action,Hemoglobin HbA positive modulator,Positive modulator,
Mechanism of Action,Glypican-3 inhibitor,Inhibition,
Mechanism of Action,Lymphocyte antigen 75 binding agent,Binding agent,
Mechanism of Action,Pyruvate kinase isozymes R/L activator,Activation,
Mechanism of Action,"VEFGR, c-Kit, and PDGFR inhibitor",Inhibition,
Mechanism of Action,Potassium channel subfamily K member 9 opener,Opener,
Mechanism of Action,Inward rectifier potassium channel 2 blocker,Blocker,
Mechanism of Action,Glycogen synthase kinase-3 beta inhibitor,Inhibition,
Mechanism of Action,Adenosine A1 receptor partial agonist,Partial agonist,
Mechanism of Action,Calcium sensing receptor positive allosteric modulator,Positive allosteric modulator,
Mechanism of Action,Dickkopf-related protein 1 inhibitor,Inhibition,
Mechanism of Action,Platelet glycoprotein Ib alpha chain antagonist,Antagonist,
Mechanism of Action,Ephrin-B2 inhibitor,Inhibition,
Mechanism of Action,Liver X receptor agonist,Agonist,
Mechanism of Action,Neurokinin 2 receptor antagonist,Antagonist,
Mechanism of Action,"Nitric oxide synthase, inducible inhibitor",Inhibition,
Mechanism of Action,Coagulation factor VIII inhibitor,Inhibition,
Mechanism of Action,Adenosine A2 receptor antagonist,Antagonist,
Mechanism of Action,Connective tissue growth factor inhibitor,Inhibition,
Mechanism of Action,P-selectin inhibitor,Inhibition,
Mechanism of Action,Endothelin receptor ET-B binding agent,Binding agent,
Mechanism of Action,Fibrinogen beta chain binding agent,Binding agent,
Mechanism of Action,Prostate stem cell antigen inhibitor,Inhibition,
Mechanism of Action,Receptor-type tyrosine-protein phosphatase beta inhibitor,Inhibition,
Mechanism of Action,Integrase inhibitor,Inhibition,
Mechanism of Action,AMP-activated protein kinase (AMPK) activator,Activation,
Mechanism of Action,Estrogen receptor beta modulator,Modulator,
Mechanism of Action,Toll-like receptor 4/MD-2 antagonist,Antagonist,
Mechanism of Action,Integrin beta-2 inhibitor,Inhibition,
Mechanism of Action,Fibroblast growth factor receptor 2 antagonist,Antagonist,
Mechanism of Action,Beta-1 adrenergic receptor agonist,Agonist,
Mechanism of Action,Alcohol dehydrogenase class I inhibitor,Inhibition,
Mechanism of Action,ATP synthase inhibitor,Inhibition,
Mechanism of Action,Anoctamin-1 blocker,Blocker,
Mechanism of Action,Tyrosine-protein kinase Lyn inhibitor,Inhibition,
Mechanism of Action,Metabotropic glutamate receptor 5 negative allosteric modulator,Negative allosteric modulator,
Mechanism of Action,Calcium-activated potassium channel subunit alpha-1 activator,Activation,
Mechanism of Action,Relaxin receptor 1 activator,Activation,
Mechanism of Action,Heparanase inhibitor,Inhibition,
Mechanism of Action,Acidic fibroblast growth factor inhibitor,Inhibition,
Mechanism of Action,Intercellular adhesion molecule 3 inhibitor,Inhibition,
Mechanism of Action,Inducible T-cell costimulator inhibitor,Inhibition,
Mechanism of Action,Interferon alpha/beta receptor positive modulator,Positive modulator,
Mechanism of Action,Cysteinyl leukotriene receptor 1 antagonist,Antagonist,
Mechanism of Action,Chymase inhibitor,Inhibition,
Mechanism of Action,IgG receptor FcRn large subunit p51 inhibitor,Inhibition,
Mechanism of Action,Interleukin-2 receptor alpha chain binding agent,Binding agent,
Mechanism of Action,Beta amyloid A4 protein disrupting agent,Disruption,
Mechanism of Action,MAP kinase-interacting serine/threonine-protein kinase 1/2 inhibitor,Inhibition,
Mechanism of Action,Adenosine A1 receptor modulator,Modulator,
Mechanism of Action,Utrophin modulator,Modulator,
Mechanism of Action,Serotonin 3a (5-HT3a) receptor antagonist,Antagonist,
Mechanism of Action,Cyclophilin A modulator,Modulator,
Mechanism of Action,Tyrosine-protein kinase LCK inhibitor,Inhibition,
Mechanism of Action,Discoidin domain-containing receptor 2 inhibitor,Inhibition,
Mechanism of Action,Mitochondrial glycerol-3-phosphate dehydrogenase inhibitor,Inhibition,
Mechanism of Action,Serine/threonine-protein kinase A-Raf inhibitor,Inhibition,
Mechanism of Action,Metabotropic glutamate receptor 2 agonist,Agonist,
Mechanism of Action,Sodium channel protein type XI alpha subunit blocker,Blocker,
Mechanism of Action,von Willebrand factor inhibitor,Inhibition,
Mechanism of Action,Vascular endothelial growth factor receptor 2 antagonist,Antagonist,
Mechanism of Action,Interferon gamma inhibitor,Inhibition,
Mechanism of Action,T-cell surface glycoprotein CD3 epsilon chain inhibitor,Inhibition,
Mechanism of Action,Phosphodiesterase isozyme 4 inhibitor,Inhibition,
Mechanism of Action,Free fatty acid receptor 2 antagonist,Antagonist,
Mechanism of Action,Glucose-dependent insulinotropic receptor agonist,Agonist,
Mechanism of Action,Poly [ADP-ribose] polymerase-1 inhibitor,Inhibition,
Mechanism of Action,Prolow-density lipoprotein receptor-related protein 1 binding agent,Binding agent,
Mechanism of Action,Tyrosine-protein kinase Lyn positive allosteric modulator,Positive allosteric modulator,
Mechanism of Action,Interleukin-15 receptor agonist,Agonist,
Mechanism of Action,Prostanoid EP3 receptor agonist,Agonist,
Mechanism of Action,inhibitor of apoptosis (IAP) antagonist,Antagonist,
Mechanism of Action,Muscarinic acetylcholine receptor M2 agonist,Agonist,
Mechanism of Action,Leukotriene B4 receptor 1 antagonist,Antagonist,
Mechanism of Action,Neurokinin 3 receptor antagonist,Antagonist,
Mechanism of Action,CD27 antigen agonist,Agonist,
Mechanism of Action,Somatostatin receptor binding agent,Binding agent,
Mechanism of Action,Leukocyte surface antigen CD47 inhibitor,Inhibition,
Mechanism of Action,Receptor tyrosine-protein kinase erbB-3 binding agent,Binding agent,
Mechanism of Action,Intermediate conductance calcium-activated potassium channel protein 4 opener,Opener,
Mechanism of Action,G1/S-specific cyclin D1 inhibitor,Inhibition,
Mechanism of Action,Glucagon receptor antagonist,Antagonist,
Mechanism of Action,Tumor necrosis factor receptor superfamily member 5 partial agonist,Partial agonist,
Mechanism of Action,Thioredoxin inhibitor,Inhibition,
Mechanism of Action,"Glutamate receptor ionotropic, AMPA 2 antagonist",Antagonist,
Mechanism of Action,Thyroid stimulating hormone receptor agonist,Agonist,
Mechanism of Action,Growth hormone receptor agonist,Agonist,
Mechanism of Action,Serotonin 2c (5-HT2c) receptor agonist,Agonist,
Mechanism of Action,Cyclin-dependent kinase 7 inhibitor,Inhibition,
Mechanism of Action,Progesterone receptor antagonist,Antagonist,
Mechanism of Action,Mitogen-activated protein kinase kinase kinase 12 inhibitor,Inhibition,
Mechanism of Action,RNA-directed RNA polymerase inhibitor,Inhibition,
Mechanism of Action,Insulin-like growth factor I inhibitor,Inhibition,
Mechanism of Action,Rho-associated protein kinase 2 inhibitor,Inhibition,
Mechanism of Action,Atrial natriuretic peptide receptor agonist,Agonist,
Mechanism of Action,EGFR inhibitor,Inhibition,
Mechanism of Action,Serotonin 2b (5-HT2b) receptor partial agonist,Partial agonist,
Mechanism of Action,Dihydroorotate dehydrogenase inhibitor,Inhibition,
Mechanism of Action,Interferon beta inhibitor,Inhibition,
Mechanism of Action,Elongation factor 2 disrupting agent,Disruption,
Mechanism of Action,Vasopressin V1 receptor binding agent,Binding agent,
Mechanism of Action,Tyrosine-protein kinase ITK/TSK inhibitor,Inhibition,
Mechanism of Action,Casein kinase II alpha inhibitor,Inhibition,
Mechanism of Action,Calcium sensing receptor modulator,Modulator,
Mechanism of Action,Selectin inhibitor,Inhibition,
Mechanism of Action,Intercellular adhesion molecule-1 antagonist,Antagonist,
Mechanism of Action,Lymphocyte antigen 6E binding agent,Binding agent,
Mechanism of Action,Cytochrome P450 11A1 inhibitor,Inhibition,
Mechanism of Action,NEDD8 activating enzyme inhibitor,Inhibition,
Mechanism of Action,Histone deacetylase 2 inhibitor,Inhibition,
Mechanism of Action,Integrin alpha-V/beta-6 inhibitor,Inhibition,
Mechanism of Action,HLA-DR antigens-associated invariant chain antagonist,Antagonist,
Mechanism of Action,Receptor tyrosine-protein kinase erbB-3 antagonist,Antagonist,
Mechanism of Action,Transient receptor potential cation channel subfamily V member 4 inhibitor,Inhibition,
Mechanism of Action,Melanocyte protein PMEL cross-linking agent,Cross-linking agent,
Mechanism of Action,Lysine-specific histone demethylase 1 inhibitor,Inhibition,
Mechanism of Action,Vanilloid receptor agonist,Agonist,
Mechanism of Action,Wilms tumor protein vaccine antigen,Vaccine antigen,
Mechanism of Action,Tumour suppressor p53/oncoprotein Mdm2 inhibitor,Inhibition,
Mechanism of Action,pan-Aurora kinase inhibitor,Inhibition,
Mechanism of Action,ErbB3/Her3 inhibitor,Inhibition,
Mechanism of Action,DHFR and Thymidylate synthase inhibitor,Inhibition,
Mechanism of Action,Tyrosine 3-hydroxylase inhibitor,Inhibition,
Mechanism of Action,LXR-beta agonist,Agonist,
Mechanism of Action,5-lipoxygenase activating protein inhibitor,Inhibition,
Mechanism of Action,Coagulation factor IX and X other,Binding,
Mechanism of Action,Heterotrimeric lymphotoxin LTa1b2 inhibitor,Inhibition,
Mechanism of Action,Fibronectin other,Binding,
Mechanism of Action,Beta amyloid A4 protein inhibitor,Inhibition,
Mechanism of Action,Calmodulin inhibitor,Inhibition,
Mechanism of Action,Tumor necrosis factor receptor R1 inhibitor,Inhibition,
Mechanism of Action,Fibroblast activation protein alpha binding agent,Binding agent,
Mechanism of Action,Human leukocyte antigen DR beta chain inhibitor,Inhibition,
Mechanism of Action,Isocitrate dehydrogenase [NADP] cytoplasmic inhibitor,Inhibition,
Mechanism of Action,E3 ubiquitin ligase TRAF3IP2 inhibitor,Inhibition,
Mechanism of Action,Fractalkine inhibitor,Inhibition,
Mechanism of Action,p90RSK inhibitor,Inhibition,
Mechanism of Action,Acyl coenzyme A:cholesterol acyltransferase 1 inhibitor,Inhibition,
Mechanism of Action,Leukotriene A4 hydrolase inhibitor,Inhibition,
Mechanism of Action,Filamin-A positive modulator,Positive modulator,
Mechanism of Action,Orexin receptor 2 antagonist,Antagonist,
Mechanism of Action,HER2 and EGFR kinase inhibitor,Inhibition,
Mechanism of Action,Interleukin-13 receptor subunit alpha-2 binding agent,Binding agent,
Mechanism of Action,Survival motor neuron protein positive modulator,Positive modulator,
Mechanism of Action,CD40 ligand antagonist,Antagonist,
Mechanism of Action,ADM stabiliser,Stabiliser,
Mechanism of Action,Baculoviral IAP repeat-containing protein 5 vaccine antigen,Vaccine antigen,
Mechanism of Action,TOPO I inhibitor,Inhibition,
Mechanism of Action,DNA (cytosine-5)-methyltransferase 1 inhibitor,Inhibition,
Mechanism of Action,Ephrin type-B receptor 4 inhibitor,Inhibition,
Mechanism of Action,Cannabinoid CB1 receptor inverse agonist,Inverse agonist,
Mechanism of Action,CD44 antigen binding agent,Binding agent,
Mechanism of Action,Serine/threonine-protein kinase AKT negative allosteric modulator,Negative allosteric modulator,
Mechanism of Action,Tyrosine-protein kinase receptor FLT3 binding agent,Binding agent,
Mechanism of Action,Mucin-1 vaccine antigen,Vaccine antigen,
Mechanism of Action,Acyl coenzyme A:cholesterol acyltransferase 2 inhibitor,Inhibition,
Mechanism of Action,Retinoic acid receptor antagonist,Antagonist,
Mechanism of Action,Angiopoietin-related protein 3 inhibitor,Inhibition,
Mechanism of Action,Serotonin 2 receptors; 5-HT2a & 5-HT2c antagonist,Antagonist,
Mechanism of Action,Pancreatic lipase inhibitor,Inhibition,
Mechanism of Action,Receptor-interacting serine/threonine-protein kinase 1 inhibitor,Inhibition,
Mechanism of Action,Sigma opioid receptor modulator,Modulator,
Mechanism of Action,Tyrosine-protein kinase BRK inhibitor,Inhibition,
Mechanism of Action,Lanosterol 14-alpha demethylase inhibitor,Inhibition,
Mechanism of Action,GABA receptor alpha-3 subunit positive allosteric modulator,Positive allosteric modulator,
Mechanism of Action,Steryl-sulfatase inhibitor,Inhibition,
Mechanism of Action,Nectin-4 binding agent,Binding agent,
Mechanism of Action,Probable protein-cysteine N-palmitoyltransferase porcupine inhibitor,Inhibition,
Mechanism of Action,Retinoic acid receptor alpha agonist,Agonist,
Mechanism of Action,Tumor necrosis factor receptor superfamily member 4 antagonist,Antagonist,
Mechanism of Action,Coagulation factor VII positive modulator,Positive modulator,
Mechanism of Action,Alpha-1a adrenergic receptor antagonist,Antagonist,
Mechanism of Action,Interleukin-1 beta inhibitor,Inhibition,
Mechanism of Action,Adenosine A3 receptor agonist,Agonist,
Mechanism of Action,Nucleotide-binding oligomerization domain-containing protein 2 other,Binding,
Mechanism of Action,Epithelial cell adhesion molecule inhibitor,Inhibition,
Mechanism of Action,Muscarinic acetylcholine receptor M2 partial agonist,Partial agonist,
Mechanism of Action,Sigma opioid receptor antagonist,Antagonist,
Mechanism of Action,Neurogenic locus notch homolog protein 1 inhibitor,Inhibition,
Mechanism of Action,1-phosphatidylinositol 3-phosphate 5-kinase inhibitor,Inhibition,
Mechanism of Action,Beta-secretase 1 inhibitor,Inhibition,
Mechanism of Action,IL-10 receptor agonist,Agonist,
Mechanism of Action,CDK inhibitor,Inhibition,
Mechanism of Action,"RAF, VEGFR2, and PDGFR-beta inhibitors",Inhibition,
Mechanism of Action,Insulin-like growth factor I receptor agonist,Agonist,
Mechanism of Action,Growth hormone-releasing hormone receptor agonist,Agonist,
Mechanism of Action,Carbonic anhydrase IX other,Binding,
Mechanism of Action,Interleukin 13 receptor binding agent,Binding agent,
Mechanism of Action,Programmed cell death 1 ligand 1 other,Binding,
Mechanism of Action,Tumor necrosis factor receptor superfamily member 3 agonist,Agonist,
Mechanism of Action,NKG2-A/NKG2-B type II integral membrane protein inhibitor,Inhibition,
Mechanism of Action,Leukotriene B4 receptor antagonist,Antagonist,
Mechanism of Action,Cellular tumor antigen p53 positive modulator,Positive modulator,
Mechanism of Action,Sialic acid-binding Ig-like lectin 8 inhibitor,Inhibition,
Mechanism of Action,Matrix metalloproteinase 12 inhibitor,Inhibition,
Mechanism of Action,blocks PDL-1/2-dependent negative regulation of T,Regulation blocker,
Mechanism of Action,Histamine H2 receptor agonist,Agonist,
Mechanism of Action,Tyrosine-protein kinase FRK inhibitor,Inhibition,
Mechanism of Action,Niemann-Pick C1-like protein 1 inhibitor,Inhibition,
Mechanism of Action,Granulocyte-macrophage colony-stimulating factor receptor agonist,Agonist,
Mechanism of Action,Mitogen-activated protein kinase kinase kinase 1 inhibitor,Inhibition,
Mechanism of Action,3-phosphoinositide dependent protein kinase-1 inhibitor,Inhibition,
Mechanism of Action,Interleukin-8 receptor A antagonist,Antagonist,
Mechanism of Action,Proto-oncogene Mas agonist,Agonist,
Mechanism of Action,Integrin alpha-4/beta-1 antagonist,Antagonist,
Mechanism of Action,Integrin alpha-4/beta-7 antagonist,Antagonist,
Mechanism of Action,Lysyl oxidase homolog 2 inhibitor,Inhibition,
Mechanism of Action,Mesothelin inhibitor,Inhibition,
Mechanism of Action,Transforming growth factor beta-2 inhibitor,Inhibition,
Mechanism of Action,Epidermal growth factor receptor erbB1 cross-linking agent,Cross-linking agent,
Mechanism of Action,Retinoic acid receptor gamma agonist,Agonist,
Mechanism of Action,Hepatocyte growth factor receptor binding agent,Binding agent,
Mechanism of Action,Tumor necrosis factor ligand superfamily member 4 inhibitor,Inhibition,
Mechanism of Action,Toll-like receptor 4 inhibitor,Inhibition,
Mechanism of Action,Epoxide hydratase inhibitor,Inhibition,
Mechanism of Action,FGF1/KLB activator,Activation,
Mechanism of Action,FGFR4-KLB activator,Activation,
Mechanism of Action,Growth hormone receptor antagonist,Antagonist,
Mechanism of Action,Fibronectin proteolytic enzyme,Binding,
Mechanism of Action,Frizzled-7 antagonist,Antagonist,
Mechanism of Action,Integrin beta-7 antagonist,Antagonist,
Mechanism of Action,Histone deacetylase 8 inhibitor,Inhibition,
Mechanism of Action,Protective antigen inhibitor,Inhibition,
Mechanism of Action,B-lymphocyte antigen CD20 cross-linking agent,Cross-linking agent,
Mechanism of Action,Sodium-dependent phosphate transport protein 2B binding agent,Binding agent,
Mechanism of Action,Advanced glycosylation end product-specific receptor antagonist,Antagonist,
Mechanism of Action,Topoisomerase IV,Binding,
Mechanism of Action,B-lymphocyte antigen CD19 inhibitor,Inhibition,
Mechanism of Action,Beta-1 adrenergic receptor partial agonist,Partial agonist,
Mechanism of Action,4-hydroxyphenylpyruvate dioxygenase inhibitor,Inhibition,
Mechanism of Action,Interferon gamma receptor agonist,Agonist,
Mechanism of Action,C-C chemokine receptor type 9 antagonist,Antagonist,
Mechanism of Action,Interleukin-8 receptor B antagonist,Antagonist,
Mechanism of Action,Cholecystokinin B receptor antagonist,Antagonist,
Mechanism of Action,Vascular endothelial growth factor receptor 1 and 2 (Flt-1 and KDR) agonist,Agonist,
Mechanism of Action,Transthyretin stabiliser,Stabiliser,
Mechanism of Action,cIAP1/cIAP2 inhibitor,Inhibition,
Mechanism of Action,Lymphocyte differentiation antigen CD38 inhibitor,Inhibition,
Mechanism of Action,Cadherin-3 inhibitor,Inhibition,
Mechanism of Action,Interleukin-31 receptor subunit alpha inhibitor,Inhibition,
Mechanism of Action,Serine/threonine-protein phosphatase 5 inhibitor,Inhibition,
Mechanism of Action,Complement C1s inhibitor,Inhibition,
Mechanism of Action,IL-2R beta/gamma binding agent,Binding agent,
Mechanism of Action,Coagulation factor XI inhibitor,Inhibition,
Mechanism of Action,MEK1/2 inhibitor,Inhibition,
Mechanism of Action,"Potassium channel, inwardly rectifying, subfamily J, member 8 opener",Opener,
Mechanism of Action,Sodium channel protein type II alpha subunit blocker,Blocker,
Mechanism of Action,Prostanoid DP receptor antagonist,Antagonist,
Mechanism of Action,MAP kinase p38 beta inhibitor,Inhibition,
Mechanism of Action,Protein kinase C beta inhibitor,Inhibition,
Mechanism of Action,Protective antigen binding agent,Binding agent,
Mechanism of Action,Hemoglobin HbA negative modulator,Negative modulator,
Mechanism of Action,TNF-beta inhibitor,Inhibition,
Mechanism of Action,Carcinoembryonic antigen-related cell adhesion molecule 5 other,Binding,
Mechanism of Action,Leucine-rich repeat and immunoglobulin-like domain-containing nogo receptor-interacting protein 1 inhibitor,Inhibition,
Mechanism of Action,CD22 inhibitor,Inhibition,
Mechanism of Action,Methionine aminopeptidase 2 inhibitor,Inhibition,
Mechanism of Action,Complement C5 binding agent,Binding agent,
Mechanism of Action,FGF1/KLB agonist,Agonist,
Mechanism of Action,"Glutamate receptor ionotropic, AMPA 1 antagonist",Antagonist,
Mechanism of Action,dual inhibitor of topoisomerase 1 and HIF-1alpha,Inhibition,
Mechanism of Action,Neuronal acetylcholine receptor protein alpha-7 subunit positive allosteric modulator,Positive allosteric modulator,
Mechanism of Action,"HLA class II histocompatibility antigen, DRB1-10 beta chain other",Binding,
Mechanism of Action,Retinoid isomerohydrolase inhibitor,Inhibition,
Mechanism of Action,Tenascin other,Binding,
Mechanism of Action,Butyrylcholinesterase inhibitor,Inhibition,
Mechanism of Action,Neurogenic locus notch homolog protein 3 inhibitor,Inhibition,
Mechanism of Action,Cytidine deaminase inhibitor,Inhibition,
Mechanism of Action,Atrial natriuretic peptide receptor A agonist,Agonist,
Mechanism of Action,Prostanoid EP4 receptor antagonist,Antagonist,
Mechanism of Action,Tyrosine-protein kinase receptor FLT3 agonist,Agonist,
Mechanism of Action,Inosine-5'-monophosphate dehydrogenase 1 inhibitor,Inhibition,
Mechanism of Action,Neuronal acetylcholine receptor protein alpha-7 subunit negative allosteric modulator,Negative allosteric modulator,
Mechanism of Action,Alpha-1a adrenergic receptor partial agonist,Partial agonist,
Mechanism of Action,CD276 antigen cross-linking agent,Cross-linking agent,
Mechanism of Action,Heat-stable enterotoxin receptor binding agent,Binding agent,
Mechanism of Action,Voltage-gated T-type calcium channel alpha-1H subunit blocker,Blocker,
Mechanism of Action,Ghrelin receptor inverse agonist,Inverse agonist,
Mechanism of Action,Tumor necrosis factor receptor superfamily member 4 agonist,Agonist,
Mechanism of Action,GAR transformylase inhibitor,Inhibition,
Mechanism of Action,Ribonucleotide reductase and DNA synthesis inhibitor,Inhibition,
Mechanism of Action,Tyrosine-protein kinase HCK inhibitor,Inhibition,
Mechanism of Action,Somatostatin receptor 1 agonist,Agonist,
Mechanism of Action,Serine-protein kinase ATR inhibitor,Inhibition,
Mechanism of Action,TGF-beta receptor type I inhibitor,Inhibition,
Mechanism of Action,Squalene synthetase inhibitor,Inhibition,
Mechanism of Action,Nischarin agonist,Agonist,
Mechanism of Action,OX-2 membrane glycoprotein inhibitor,Inhibition,
Mechanism of Action,C-X-C motif chemokine 10 inhibitor,Inhibition,
Mechanism of Action,Interleukin-20 inhibitor,Inhibition,
Mechanism of Action,Dopamine receptors; D2 & D3 antagonist,Antagonist,
Mechanism of Action,Translocator protein antagonist,Antagonist,
Mechanism of Action,Stimulator of interferon genes protein agonist,Agonist,
Mechanism of Action,VEGF antagonist,Antagonist,
Mechanism of Action,Toll-like receptor 3 agonist,Agonist,
Mechanism of Action,Vitronectin receptor alpha binding agent,Binding agent,
Mechanism of Action,Ephrin type-A receptor 3 inhibitor,Inhibition,
Mechanism of Action,Beta-nerve growth factor inhibitor,Inhibition,
Mechanism of Action,Transthyretin ANTISENSE inhibitor,Inhibition,
Mechanism of Action,Programmed cell death 1 ligand 1 binding agent,Binding agent,
Mechanism of Action,Tyrosinase inhibitor,Inhibition,
Mechanism of Action,Vesicle-associated membrane protein 2 inhibitor,Inhibition,
Mechanism of Action,Serine/threonine-protein kinase Aurora-C inhibitor,Inhibition,
Mechanism of Action,CD22 other,Binding,
Mechanism of Action,Diacylglycerol O-acyltransferase 1 inhibitor,Inhibition,
Mechanism of Action,Bcl-2-related protein A1 inhibitor,Inhibition,
Mechanism of Action,Dopamine D1 receptor antagonist,Antagonist,
Mechanism of Action,Immunoglobulin epsilon Fc receptor antagonist,Antagonist,
Mechanism of Action,Transferrin receptor protein 1 antagonist,Antagonist,
Mechanism of Action,Sphingosine kinase 2 inhibitor,Inhibition,
Mechanism of Action,Envelope protein inhibitor,Inhibition,
Mechanism of Action,Monocyte differentiation antigen CD14 inhibitor,Inhibition,
Mechanism of Action,Toll-like receptor 8 agonist,Agonist,
Mechanism of Action,IL18 Receptor agonist,Agonist,
Mechanism of Action,Aurora A kinase inhibitor,Inhibition,
Mechanism of Action,Sodium channel protein type IV alpha subunit blocker,Blocker,
Mechanism of Action,Nuclear receptor ROR-gamma antagonist,Antagonist,
Mechanism of Action,Dihydropyrimidine dehydrogenase inhibitor,Inhibition,
Mechanism of Action,Integrin alpha-V/beta-5 antagonist,Antagonist,
Mechanism of Action,Choline transporter-like protein 4 binding agent,Binding agent,
Mechanism of Action,Proto-oncogene tyrosine-protein kinase ROS inhibitor,Inhibition,
Mechanism of Action,Serotonin 4 (5-HT4) receptor antagonist,Antagonist,
Mechanism of Action,Mineralocorticoid receptor modulator,Modulator,
Mechanism of Action,Toll-like receptor 8 antagonist,Antagonist,
Mechanism of Action,Cytochrome P450 11B2 inhibitor,Inhibition,
Mechanism of Action,Succinate semialdehyde dehydrogenase inhibitor,Inhibition,
Mechanism of Action,Potassium channel subfamily K member 9 blocker,Blocker,
Mechanism of Action,Bradykinin B2 receptor agonist,Agonist,
Mechanism of Action,Tyrosine-protein kinase receptor UFO binding agent,Binding agent,
Mechanism of Action,T-cell surface antigen CD4 binding agent,Binding agent,
Mechanism of Action,Oncostatin-M-specific receptor subunit beta inhibitor,Inhibition,
Mechanism of Action,Tryptophan 5-hydroxylase 1 inhibitor,Inhibition,
Mechanism of Action,Toll-like receptor 2 inhibitor,Inhibition,
Mechanism of Action,Proteosome and NF-kappaB inhibitor,Inhibition,
Mechanism of Action,Tissue-type plasminogen activator inhibitor,Inhibition,
Mechanism of Action,Lysosomal alpha-glucosidase inhibitor,Inhibition,
Mechanism of Action,Progesterone receptor modulator,Modulator,
Mechanism of Action,Insulin receptor inhibitor,Inhibition,
Mechanism of Action,Reticulon-4 inhibitor,Inhibition,
Mechanism of Action,DOPA decarboxylase inhibitor,Inhibition,
Mechanism of Action,"Isocitrate dehydrogenase [NADP], mitochondrial inhibitor",Inhibition,
Mechanism of Action,C-C chemokine receptor type 2 inhibitor,Inhibition,
Mechanism of Action,Squalene monooxygenase inhibitor,Inhibition,
Mechanism of Action,Macrophage colony stimulating factor receptor antagonist,Antagonist,
Mechanism of Action,Protein arginine N-methyltransferase 5 inhibitor,Inhibition,
Mechanism of Action,GP41 inhibitor,Inhibition,
Mechanism of Action,TNF-alpha binding agent,Binding agent,
Mechanism of Action,DNA-dependent protein kinase inhibitor,Inhibition,
Mechanism of Action,Serine/threonine-protein kinase PAK 4 inhibitor,Inhibition,
Mechanism of Action,Transient receptor potential cation channel subfamily M member 8 agonist,Agonist,
Mechanism of Action,Plasminogen activator inhibitor-1 inhibitor,Inhibition,
Mechanism of Action,Mucosal addressin cell adhesion molecule-1 inhibitor,Inhibition,
Mechanism of Action,CD70 antigen binding agent,Binding agent,
Mechanism of Action,Pyrimidinergic receptor P2Y6 agonist,Agonist,
Mechanism of Action,Zinc transporter ZIP6 binding agent,Binding agent,
Mechanism of Action,Beta amyloid A4 protein stabiliser,Stabiliser,
Mechanism of Action,Beta-1 adrenergic receptor inhibitor,Inhibition,
Mechanism of Action,Transferrin receptor binding agent,Binding agent,
Mechanism of Action,NADPH oxidase 1 inhibitor,Inhibition,
Mechanism of Action,IGF1R inhibitor,Inhibition,
Mechanism of Action,Frizzled-1 antagonist,Antagonist,
Mechanism of Action,T-cell surface antigen CD4 other,Binding,
Mechanism of Action,"Amine oxidase, copper containing inhibitor",Inhibition,
Mechanism of Action,Tyrosine-protein kinase TYK2 negative allosteric modulator,Negative allosteric modulator,
Mechanism of Action,Beta amyloid A4 protein vaccine antigen,Vaccine antigen,
Mechanism of Action,Purinergic receptor P2Y12 negative allosteric modulator,Negative allosteric modulator,
Mechanism of Action,Neuronal acetylcholine receptor protein alpha-7 subunit modulator,Modulator,
Mechanism of Action,Transient receptor potential cation channel subfamily A member 1 antagonist,Antagonist,
Mechanism of Action,Interleukin-22 inhibitor,Inhibition,
Mechanism of Action,Ribonucleotide reductase inhibitor,Inhibition,
Mechanism of Action,Aryl hydrocarbon receptor agonist,Agonist,
Mechanism of Action,Elongation factor 1-alpha 2 inhibitor,Inhibition,
Mechanism of Action,Granulocyte colony stimulating factor receptor antagonist,Antagonist,
Mechanism of Action,Mucin-1 inhibitor,Inhibition,
Mechanism of Action,Serine/threonine-protein kinase AKT3 inhibitor,Inhibition,
Mechanism of Action,Sodium channel protein type III alpha subunit blocker,Blocker,
Mechanism of Action,Protein kinase C delta inhibitor,Inhibition,
Mechanism of Action,Nicotinic acetylcholine receptor alpha4/beta2/alpha5 partial agonist,Partial agonist,
Mechanism of Action,Neuronal acetylcholine receptor; alpha6/beta2 partial agonist,Partial agonist,
Mechanism of Action,Hepatocyte growth factor receptor antagonist,Antagonist,
Mechanism of Action,IL6Ralpha/GP130 antagonist,Antagonist,
Mechanism of Action,Tumor necrosis factor receptor superfamily member 8 other,Binding,
Mechanism of Action,Synaptosomal-associated protein 25 proteolytic enzyme,Binding,
Mechanism of Action,Cholesterol 24-hydroxylase inhibitor,Inhibition,
Mechanism of Action,Dopamine D5 receptor partial agonist,Partial agonist,
Mechanism of Action,Glucagon receptor inhibitor,Inhibition,
Mechanism of Action,Trace amine-associated receptor 1 agonist,Agonist,
Mechanism of Action,Apelin receptor agonist,Agonist,
Mechanism of Action,Leukocyte adhesion molecule-1 inhibitor,Inhibition,
Mechanism of Action,Envelope glycoprotein H inhibitor,Inhibition,
Mechanism of Action,Leukocyte antigen CD37 inhibitor,Inhibition,
Mechanism of Action,"Serine/threonine protein phosphatase 2A, catalytic subunit, beta isoform inhibitor",Inhibition,
Mechanism of Action,CD166 antigen binding agent,Binding agent,
Mechanism of Action,Ornithine decarboxylase inhibitor,Inhibition,
Mechanism of Action,Metabotropic glutamate receptor 2 modulator,Modulator,
Mechanism of Action,GPI-anchored wall transfer protein 1 inhibitor,Inhibition,
Mechanism of Action,Transient receptor potential cation channel subfamily M member 8 opener,Opener,
Mechanism of Action,Glycogen synthase kinase-3 alpha inhibitor,Inhibition,
Mechanism of Action,Voltage-gated calcium channel alpha2/delta subunit 2 modulator,Modulator,
Mechanism of Action,Growth/differentiation factor 2 inhibitor,Inhibition,
Mechanism of Action,T-cell surface glycoprotein CD5 binding agent,Binding agent,
Mechanism of Action,Eotaxin inhibitor,Inhibition,
Mechanism of Action,Tenascin binding agent,Binding agent,
Mechanism of Action,Sodium/glucose cotransporter 1 inhibitor,Inhibition,
Mechanism of Action,Interleukin-33 binding agent,Binding agent,
Mechanism of Action,Histamine H3 receptor agonist,Agonist,
Mechanism of Action,Urotensin II receptor antagonist,Antagonist,
Mechanism of Action,Cytochrome P450 3A4 inhibitor,Inhibition,
Mechanism of Action,Phospholipase A2 group IIA inhibitor,Inhibition,
Mechanism of Action,Heat shock cognate 71 kDa protein inhibitor,Inhibition,
Mechanism of Action,Integrin alpha-V/beta-1 inhibitor,Inhibition,
Mechanism of Action,Integrin alpha-V/beta-5 inhibitor,Inhibition,
Mechanism of Action,Integrin alpha-V/beta-8 inhibitor,Inhibition,
Mechanism of Action,Neuropilin-1 inhibitor,Inhibition,
Mechanism of Action,Macrophage colony-stimulating factor 1 inhibitor,Inhibition,
Mechanism of Action,Fibronectin receptor alpha inhibitor,Inhibition,
Mechanism of Action,Trophoblast glycoprotein cross-linking agent,Cross-linking agent,
Mechanism of Action,Semaphorin-4D inhibitor,Inhibition,
Mechanism of Action,Sarcoplasmic/endoplasmic reticulum calcium ATPase 2 activator,Activation,
Mechanism of Action,Inactive tyrosine-protein kinase transmembrane receptor ROR1 inhibitor,Inhibition,
Mechanism of Action,Leukocyte immunoglobulin-like receptor subfamily A member 4 inhibitor,Inhibition,
Mechanism of Action,Pancreatic alpha-amylase inhibitor,Inhibition,
Mechanism of Action,GABA receptor alpha-1 subunit positive allosteric modulator,Positive allosteric modulator,
Mechanism of Action,Interferon-alpha/beta receptor alpha chain antagonist,Antagonist,
Mechanism of Action,Coagulation factor VII inhibitor,Inhibition,
Mechanism of Action,GMP synthase [glutamine-hydrolyzing] inhibitor,Inhibition,
Mechanism of Action,Syncytin-1 inhibitor,Inhibition,
Mechanism of Action,"DNA topoisomerase I, mitochondrial inhibitor",Inhibition,
Mechanism of Action,Cyclooxygenase-1 inhibitor,Inhibition,
Mechanism of Action,Neuropeptide Y receptor type 5 antagonist,Antagonist,
Mechanism of Action,Carbonic anhydrase VII inhibitor,Inhibition,
Mechanism of Action,Solute carrier family 22 member 11 inhibitor,Inhibition,
Mechanism of Action,Peroxisome proliferator-activated receptor gamma antagonist,Antagonist,
Mechanism of Action,Interleukin-8 receptor B modulator,Modulator,
Mechanism of Action,Interleukin-17 receptor A antagonist,Antagonist,
Mechanism of Action,Glutathione S-transferase Pi inhibitor,Inhibition,
Mechanism of Action,Cytochrome P450 26A1 inhibitor,Inhibition,
Mechanism of Action,Caspase-9 inhibitor,Inhibition,
Mechanism of Action,Group X secretory phospholipase A2 inhibitor,Inhibition,
Mechanism of Action,Interleukin-10 inhibitor,Inhibition,
Mechanism of Action,Transforming growth factor beta inhibitor,Inhibition,
Mechanism of Action,Translocator protein agonist,Agonist,
Mechanism of Action,Lymphocyte activation gene 3 protein vaccine antigen,Vaccine antigen,
Mechanism of Action,Synaptosomal nerve-associated protein 25 (SNAP-25) hydrolytic enzyme,Binding,
Mechanism of Action,Gamma-amino-N-butyrate transaminase inhibitor,Inhibition,
Mechanism of Action,Neuropeptide Y receptor type 4 agonist,Agonist,
Mechanism of Action,Mitogen-activated protein kinase kinase kinase 13 inhibitor,Inhibition,
Mechanism of Action,T-cell-specific surface glycoprotein CD28 antagonist,Antagonist,
Mechanism of Action,Dopamine D4 receptor antagonist,Antagonist,
Mechanism of Action,Selectin E inhibitor,Inhibition,
Mechanism of Action,T-cell differentiation antigen CD6 inhibitor,Inhibition,
Mechanism of Action,Delta-like protein 4 inhibitor,Inhibition,
Mechanism of Action,Sialic acid-binding Ig-like lectin 10 modulator,Modulator,
Mechanism of Action,Granulocyte-macrophage colony-stimulating factor antagonist,Antagonist,
Mechanism of Action,PI3K inhibitor,Inhibition,
Mechanism of Action,Dopamine D3 receptor modulator,Modulator,
Mechanism of Action,"Indoleamine 2,3-dioxygenase inhibitor",Inhibition,
Mechanism of Action,Coagulation factor XII inhibitor,Inhibition,
Mechanism of Action,Cellular tumor antigen p53 stabiliser,Stabiliser,
Mechanism of Action,Interleukin-9 inhibitor,Inhibition,
Mechanism of Action,Killer cell immunoglobulin-like receptor 2DL1 inhibitor,Inhibition,
Mechanism of Action,Monoamine transporters; Norepinephrine & dopamine inhibitor,Inhibition,
Mechanism of Action,B-cell antigen receptor complex-associated protein beta chain binding agent,Binding agent,
Mechanism of Action,Carnitine palmitoyltransferase 2 inhibitor,Inhibition,
Mechanism of Action,Trophoblast glycoprotein binding agent,Binding agent,
Mechanism of Action,Killer cell immunoglobulin-like receptor 3DL2 antagonist,Antagonist,
Mechanism of Action,Delta opioid receptor partial agonist,Partial agonist,
Mechanism of Action,Interleukin-21 binding agent,Binding agent,
Mechanism of Action,Tie2R inhibitor,Inhibition,
Mechanism of Action,Phenylalanine-4-hydroxylase activator,Activation,
Mechanism of Action,Chloride channel protein 2 activator,Activation,
Mechanism of Action,"Voltage-gated potassium channel, KQT; KCNQ2(Kv7.2)/KCNQ3(Kv7.3) activator",Activation,
Mechanism of Action,Translocator protein partial agonist,Partial agonist,
Mechanism of Action,Carcinoembryonic antigen-related cell adhesion molecule 5 cross-linking agent,Cross-linking agent,
Mechanism of Action,Prostanoid EP1 receptor antagonist,Antagonist,
Mechanism of Action,Coagulation factor XI negative allosteric modulator,Negative allosteric modulator,
Mechanism of Action,Cytosolic phospholipase A2 inhibitor,Inhibition,
Mechanism of Action,ADAMTS5 inhibitor,Inhibition,
Mechanism of Action,Cytochrome b inhibitor,Inhibition,
Mechanism of Action,Cystic fibrosis transmembrane conductance regulator stabiliser,Stabiliser,
Mechanism of Action,Thymidine phosphorylase inhibitor,Inhibition,
Mechanism of Action,Tyrosine-protein kinase receptor Tie-1 inhibitor,Inhibition,
Mechanism of Action,Hepatocyte growth factor inhibitor,Inhibition,
Mechanism of Action,Histone deacetylase 3 inhibitor,Inhibition,
Mechanism of Action,Vascular endothelial growth factor B inhibitor,Inhibition,
Mechanism of Action,Blood group Rh(D) polypeptide other,Binding,
Mechanism of Action,C-C motif chemokine 2 inhibitor,Inhibition,
Mechanism of Action,Tumor susceptibility gene 101 protein inhibitor,Inhibition,
Mechanism of Action,Acetyl-CoA carboxylase negative allosteric modulator,Negative allosteric modulator,
Mechanism of Action,Aminopeptidase A inhibitor,Inhibition,
Mechanism of Action,Atrial natriuretic peptide receptor B binding agent,Binding agent,
Mechanism of Action,Serotonin 2a (5-HT2a) receptor agonist,Agonist,
Mechanism of Action,Glutamate receptor ionotropic kainate 1 antagonist,Antagonist,
Mechanism of Action,Interleukin-5 receptor subunit alpha inhibitor,Inhibition,
Mechanism of Action,Transferrin receptor inhibitor,Inhibition,
Mechanism of Action,Pyrimidinergic receptor P2Y4 agonist,Agonist,
Mechanism of Action,Alcohol dehydrogenase class III inhibitor,Inhibition,
Mechanism of Action,Serotonin transporter substrate,Substrate,
Mechanism of Action,SLAM family member 7 inhibitor,Inhibition,
Mechanism of Action,C5a anaphylatoxin chemotactic receptor antagonist,Antagonist,
Mechanism of Action,Calcitonin gene-related peptide type 1 receptor agonist,Agonist,
Mechanism of Action,GABA-B receptor 2 agonist,Agonist,
Mechanism of Action,Vanilloid receptor inhibitor,Inhibition,
Mechanism of Action,Epidermal growth factor-like protein 7 inhibitor,Inhibition,
Mechanism of Action,Metalloreductase STEAP1 binding agent,Binding agent,
Mechanism of Action,Teratocarcinoma-derived growth factor 1 binding agent,Binding agent,
Mechanism of Action,Proteinase-activated receptor 1 inhibitor,Inhibition,
Mechanism of Action,Protein kinase C epsilon inhibitor,Inhibition,
Mechanism of Action,"Phosphatidylinositol-3,4,5-trisphosphate 5-phosphatase 1 activator",Activation,
Mechanism of Action,Selectin E antagonist,Antagonist,
Mechanism of Action,Human immunodeficiency virus type 1 Tat protein antagonist,Antagonist,
Mechanism of Action,Mitogen-activated protein kinase kinase kinase 8 inhibitor,Inhibition,
Mechanism of Action,ADAM17 inhibitor,Inhibition,
Mechanism of Action,Alpha-2-macroglobulin binding agent,Binding agent,
Mechanism of Action,Vasopressin V1b receptor agonist,Agonist,
Mechanism of Action,Low affinity immunoglobulin gamma Fc region receptor III-A cross-linking agent,Cross-linking agent,
Mechanism of Action,Leukocyte antigen CD37 binding agent,Binding agent,
Mechanism of Action,Transmembrane glycoprotein NMB binding agent,Binding agent,
Mechanism of Action,Retinoid isomerohydrolase positive modulator,Positive modulator,
Mechanism of Action,DNA-directed RNA polymerase II subunit RPB1 inhibitor,Inhibition,
Mechanism of Action,Hypoxia-inducible factor prolyl hydroxylase 1 inhibitor,Inhibition,
Mechanism of Action,Tumor necrosis factor ligand superfamily member 11 inhibitor,Inhibition,
Mechanism of Action,Potassium channel subfamily K member 3 blocker,Blocker,
Mechanism of Action,Vascular endothelial growth factor A binding agent,Binding agent,
Mechanism of Action,Platelet-derived growth factor subunit B inhibitor,Inhibition,
Mechanism of Action,Elastin proteolytic enzyme,Binding,
Mechanism of Action,Thymidylate synthase antagonist,Antagonist,
Mechanism of Action,B-lymphocyte antigen CD19 cross-linking agent,Cross-linking agent,
Mechanism of Action,Mitogen-activated protein kinase kinase kinase 9 inhibitor,Inhibition,
Mechanism of Action,Myeloid cell surface antigen CD33 other,Binding,
Mechanism of Action,Killer cell immunoglobulin-like receptor 2DL2 inhibitor,Inhibition,
Mechanism of Action,Cell surface glycoprotein MUC18 inhibitor,Inhibition,
Mechanism of Action,Neurotrophic tyrosine kinase receptor agonist,Agonist,
Mechanism of Action,Coagulation factor X positive modulator,Positive modulator,
Mechanism of Action,Glutathione reductase,Binding,
Mechanism of Action,Platelet-derived growth factor receptor alpha antagonist,Antagonist,
Mechanism of Action,Reverse transcriptase negative allosteric modulator,Negative allosteric modulator,
Mechanism of Action,Voltage-gated potassium channel subunit Kv1.5 blocker,Blocker,
Mechanism of Action,Somatostatin receptor 4 agonist,Agonist,
Mechanism of Action,ATP-binding cassette sub-family A member 1 inhibitor,Inhibition,
Mechanism of Action,Activin receptor type-2B antagonist,Antagonist,
Mechanism of Action,Proheparin-binding EGF-like growth factor inhibitor,Inhibition,
Mechanism of Action,Interferon alpha-1/13 binding agent,Binding agent,
Mechanism of Action,P-selectin blocker,Blocker,
Mechanism of Action,Toll-like receptor 2 antagonist,Antagonist,
Mechanism of Action,G-protein coupled receptor 84 negative allosteric modulator,Negative allosteric modulator,
Mechanism of Action,Glutathione reductase inhibitor,Inhibition,
Mechanism of Action,MAP kinase-activated protein kinase 5 inhibitor,Inhibition,
Mechanism of Action,Voltage-gated potassium channel subunit Kv7.2 activator,Activation,
Mechanism of Action,Tumor necrosis factor receptor superfamily member 12A agonist,Agonist,
Mechanism of Action,Integrin alpha-2 antagonist,Antagonist,
Mechanism of Action,Interleukin-15 inhibitor,Inhibition,
Mechanism of Action,Parathyroid hormone-related protein inhibitor,Inhibition,
Mechanism of Action,Intercellular adhesion molecule-1 inhibitor,Inhibition,
Mechanism of Action,Hepcidin inhibitor,Inhibition,
Mechanism of Action,Alpha-1d adrenergic receptor antagonist,Antagonist,
Mechanism of Action,Angiotensin II type 2 (AT-2) receptor antagonist,Antagonist,
Mechanism of Action,"NACHT, LRR and PYD domains-containing protein 3 inhibitor",Inhibition,
Mechanism of Action,Platelet glycoprotein VI (GPVI) inhibitor,Inhibition,
Mechanism of Action,Gonadotropin-releasing hormone receptor binding agent,Binding agent,
Mechanism of Action,NAD-dependent deacetylase sirtuin 1 inhibitor,Inhibition,
Mechanism of Action,Alpha-2c adrenergic receptor antagonist,Antagonist,
Mechanism of Action,Tyrosine-protein kinase YES inhibitor,Inhibition,
Mechanism of Action,Serotonin transporter antagonist,Antagonist,
Mechanism of Action,Transient receptor potential cation channel subfamily V member 3 antagonist,Antagonist,
Mechanism of Action,Alpha-fetoprotein binding agent,Binding agent,
Mechanism of Action,Monoamine oxidase A activator,Activation,
Mechanism of Action,Complement factor B inhibitor,Inhibition,
Mechanism of Action,Metabotropic glutamate receptor 4 positive allosteric modulator,Positive allosteric modulator,
Mechanism of Action,Epidermal growth factor receptor erbB1 negative allosteric modulator,Negative allosteric modulator,
Mechanism of Action,Tumor-associated calcium signal transducer 2 binding agent,Binding agent,
Mechanism of Action,Thromboxane A2 receptor inhibitor,Inhibition,
Mechanism of Action,G-protein coupled receptor family C group 5 member D binding agent,Binding agent,
Mechanism of Action,G-protein coupled receptor 84 antagonist,Antagonist,
Mechanism of Action,Transient receptor potential cation channel subfamily A member 1 opener,Opener,
Mechanism of Action,Calcium sensing receptor antagonist,Antagonist,
Mechanism of Action,Neurotensin receptor 1 antagonist,Antagonist,
Mechanism of Action,"HLA class II histocompatibility antigen, DRB1-15 beta chain modulator",Modulator,
Mechanism of Action,Phospholipase A2 group V inhibitor,Inhibition,
Mechanism of Action,Interleukin 17A binding agent,Binding agent,
Mechanism of Action,Beta-glucocerebrosidase stabiliser,Stabiliser,
Mechanism of Action,Claudin-18 binding agent,Binding agent,
Mechanism of Action,Retinoid X receptor alpha antagonist,Antagonist,
Mechanism of Action,Dopamine D1 receptor partial agonist,Partial agonist,
Mechanism of Action,Early growth response protein 1 inhibitor,Inhibition,
Mechanism of Action,"Glutaminase kidney isoform, mitochondrial inhibitor",Inhibition,
Mechanism of Action,Osteopontin inhibitor,Inhibition,
Mechanism of Action,Tumor necrosis factor receptor superfamily member 13C binding agent,Binding agent,
Mechanism of Action,Granulocyte-macrophage colony-stimulating factor vaccine antigen,Vaccine antigen,
Mechanism of Action,Type I iodothyronine deiodinase (Type-I 5'-deiodinase) (DIOI) (Type 1 DI) (5DI) inhibitor,Inhibition,
Mechanism of Action,Voltage-gated P/Q-type calcium channel alpha-1A subunit blocker,Blocker,
Mechanism of Action,T-cell surface antigen CD4 agonist,Agonist,
Mechanism of Action,Arachidonate 12-lipoxygenase inhibitor,Inhibition,
Mechanism of Action,Type-1 angiotensin II receptor agonist,Agonist,
Mechanism of Action,C-X-C chemokine receptor type 4 inhibitor,Inhibition,
Mechanism of Action,CD44 antigen inhibitor,Inhibition,
Mechanism of Action,Basigin inhibitor,Inhibition,
Mechanism of Action,Lactadherin binding agent,Binding agent,
Mechanism of Action,Collagen alpha-4(IV) chain inhibitor,Inhibition,
Mechanism of Action,Serum amyloid P-component inhibitor,Inhibition,
Mechanism of Action,Dopamine D1 receptor agonist,Agonist,
Mechanism of Action,Ribosomal protein S6 kinase 1 inhibitor,Inhibition,
Mechanism of Action,Prostanoid EP4 receptor agonist,Agonist,
Mechanism of Action,Coagulation factor IX inhibitor,Inhibition,
Mechanism of Action,Tumor necrosis factor receptor superfamily member 5 antagonist,Antagonist,
Mechanism of Action,Tumor necrosis factor receptor superfamily member 8 binding agent,Binding agent,
Mechanism of Action,CD276 antigen binding agent,Binding agent,
Mechanism of Action,Reverse transcriptase inhibitor,Inhibition,
Mechanism of Action,SLAM family member 7 binding agent,Binding agent,
Mechanism of Action,CD70 antigen inhibitor,Inhibition,
Mechanism of Action,Dipeptidyl peptidase I inhibitor,Inhibition,
Mechanism of Action,Proepiregulin inhibitor,Inhibition,
Mechanism of Action,DNA topoisomerase IV inhibitor,Inhibition,
Mechanism of Action,Dopamine beta-hydroxylase inhibitor,Inhibition,